통화ID,상담일,상담시각,인입채널,상담유형,상담팀,처리시간(초),만족도,재문의여부,상담요약
CL300217,2025-10-29,13:36:51,전화,대출,2팀,360,,N,햇살론 신청 자격 문의함
CL300375,2025-04-06,10:21:57,전화,예금,2팀,282,4.0,N,정기예금 만기 해지 문의.
CL300659,2025-04-02,14:04:25,챗봇,민원,1팀,369,2.0,N,수수료 부과에 대한 반복 민원. 관리자 연결 요청함
CL300603,2025-06-26,04:28:40,챗봇,대출,1팀,324,3.0,N,대출 실행이 지연된다며 불만 접수. 심사 진행상황 확인 후 회신 약속.
CL300373,2025-04-12,11:37:08,전화,기타,3팀,103,5.0,N,"기타 단순 문의, 안내 후 종료"
CL301215,2025-06-18,17:22:00,전화,카드,1팀,345,,N,"카드 연회비 환불 요청, 규정상 불가 안내"
CL300624,2025-04-24,10:26:33,전화,카드,2팀,226,,N,카드 부정사용 의심 거래 신고. 즉시 정지 처리.
CL300294,2025-01-11,13:31:27,전화,이체,2팀,162,5.0,N,이체 수수료 문의함.
CL301100,2025-05-06,15:40:40,앱문의,대출,2팀,297,5.0,N,햇살론 신청 자격 문의함
CL300991,2025-06-10,14:24:19,전화,예금,1팀,146,4.0,N,정기예금 만기 해지 문의.
CL300407,2025-05-22,05:33:17,이메일,카드,1팀,274,4.0,N,카드 분실 신고 및 재발급 접수.
CL300119,2025-05-24,09:16:53,챗봇,카드,3팀,117,4.0,N,카드 분실 신고 및 재발급 접수.
CL300176,2025-07-04,15:16:47,전화,카드,1팀,421,3.0,N,카드 분실 신고 및 재발급 접수.
CL300738,2025-07-03,15:52:40,전화,대출,1팀,223,4.0,N,대출 금리가 너무 높다고 항의. 금리 산정 기준 설명.
CL300799,2025-11-04,11:35:51,전화,이체,1팀,182,4.0,N,이체 한도 상향 요청. 본인확인 후 처리.
CL301026,2025-07-06,17:54:58,앱문의,예금,1팀,348,5.0,N,비대면 계좌개설 절차 문의.
CL300331,2025-09-29,09:43:36,전화,대출,2팀,181,4.0,N,햇살론 신청 자격 문의함
CL300434,2025-01-01,13:44:52,전화,카드,1팀,564,4.0,N,해외결제 승인 거절 원인 문의. 한도 초과로 확인.
CL300118,2025-07-06,13:43:40,전화,예금,1팀,89,,N,적금 금리 우대조건 안내함
CL300281,2025-07-22,10:50:44,챗봇,카드,1팀,344,4.0,N,할부 전환 신청 접수함.
CL301121,2025-04-29,14:46:14,전화,기타,1팀,85,4.0,N,공인인증서 갱신 방법 문의.
CL301010,2025-09-13,03:01:51,챗봇,예금,3팀,384,3.0,Y,적금 금리 우대조건 안내함
CL300123,2025-08-11,23:44:41,전화,대출,2팀,359,5.0,N,대출 실행이 지연된다며 불만 접수. 심사 진행상황 확인 후 회신 약속.
CL300481,2025-04-15,15:07:35,전화,기타,3팀,83,5.0,N,"기타 단순 문의, 안내 후 종료"
CL300097,2025-09-02,05:40:35,전화,기타,야간팀,87,5.0,N,"기타 단순 문의, 안내 후 종료"
CL300551,2025-12-31,11:08:46,앱문의,카드,2팀,183,5.0,N,카드 분실 신고 및 재발급 접수.
CL300972,2025-04-14,05:27:04,앱문의,민원,야간팀,727,2.0,Y,직원 응대가 불친절했다며 민원 제기. 사과 및 재발방지 약속.
CL300665,2025-09-14,16:19:49,이메일, 이체,3팀,162,4.0,N,이체 수수료 문의함.
CL301238,2025-03-31,16:03:30,챗봇,이체,1팀,103,5.0,N,이체 한도 상향 요청. 본인확인 후 처리.
CL301123,2025-08-14,16:38:43,이메일,이체,3팀,169,5.0,Y,"타행 이체가 안 된다고 문의, 수취계좌 오류 안내"
CL301008,2025-03-03,11:33:43,전화,기타,2팀,134,4.0,N,"기타 단순 문의, 안내 후 종료"
CL300528,2025-10-30,14:59:27,앱문의,이체,1팀,150,3.0,N,이체 수수료 문의함.
CL300974,2025-12-31,14:19:41,전화,카드,2팀,478,4.0,N,해외결제 승인 거절 원인 문의. 한도 초과로 확인.
CL300834,2025-02-06,08:23:46,,사기/보이스피싱,1팀,663,,N,
CL300855,2025-06-28,15:50:53,전화,민원,2팀,425,2.0,N,수수료 부과에 대한 반복 민원. 관리자 연결 요청함
CL300293,2025-09-26,17:34:04,전화,카드,2팀,260,3.0,Y,카드 분실 신고 및 재발급 접수.
CL300429,2025-04-19,07:33:28,이메일,민원,3팀,1093,1.0,N,상담 연결이 너무 오래 걸린다고 강하게 항의.
CL301182,2025-03-09,15:07:02,전화,사기/보이스피싱,1팀,406,4.0,N,보이스피싱 의심 거래 신고. 계좌 지급정지 안내.
CL300256,2025-05-21,11:34:44,전화,대출,1팀,368,3.0,N,소액대출 한도 문의. 신용등급 확인 안내함.
CL300159,2025-07-23,17:46:39,전화,카드,3팀,519,3.0,N,카드 분실 신고 및 재발급 접수.
CL301152,2025-11-12,14:49:09,전화,예금,3팀,208,4.0,N,"예금 이자 지급일 문의, 확인 후 안내"
CL300162,2025-07-19,16:35:23,이메일,카드,2팀,331,4.0,N,해외결제 승인 거절 원인 문의. 한도 초과로 확인.
CL300623,2025-11-04,16:57:25,앱문의,사기/보이스피싱,야간팀,372,2.0,N,모르는 출금 발생했다며 신고. 이상거래 확인 진행.
CL300208,2025-02-08,13:06:29,챗봇,민원,야간팀,437,3.0,N,상담 연결이 너무 오래 걸린다고 강하게 항의.
CL300780,2025-11-08,04:01:41,전화,민원,3팀,-12,4.0,N,앱 오류로 거래가 안 된다고 불만. 기술팀 이관.
CL300661,2025-04-26,11:09:57,앱문의,이체,야간팀,166,3.0,N,이체 수수료 문의함.
CL301208,2025-01-11,17:42:43,챗봇,대출,1팀,297,5.0,N,햇살론 신청 자격 문의함
CL300689,2025-12-31,16:54:18,챗봇,사기/보이스피싱,1팀,713,3.0,Y,보이스피싱 의심 거래 신고. 계좌 지급정지 안내.
CL301071,2025-03-27,11:51:17,전화,카드,2팀,220,4.0,N,카드 부정사용 의심 거래 신고. 즉시 정지 처리.
CL301174,2025-07-16,11:54:29,앱문의,대출,3팀,631,3.0,N,"중도상환수수료 문의, 상환 절차 안내"
CL300482,2025-01-18,13:52:18,앱문의,예금,3팀,205,4.0,N,비대면 계좌개설 절차 문의.
CL300657,2025-05-02,14:44:13,이메일,카드,3팀,177,4.0,N,해외결제 승인 거절 원인 문의. 한도 초과로 확인.
CL300351,2025-03-13,21:44:27,챗봇,카드,3팀,634,3.0,N,할부 전환 신청 접수함.
CL300103,2025-09-21,17:57:20,전화,민원,2팀,674,,N,앱 오류로 거래가 안 된다고 불만. 기술팀 이관.
CL300684,2025-07-31,17:22:40,앱문의,이체,1팀,177,4.0,N,이체 한도 상향 요청. 본인확인 후 처리.
CL300226 ,2025-02-08,14:48:45,전화,기타,3팀,150,5.0,N,공인인증서 갱신 방법 문의.
CL300090,2025-10-17,16:21:54,앱문의,예금,2팀,161,4.0,N,적금 금리 우대조건 안내함
CL300668,2025-07-28,07:51:02,앱문의,대출,1팀,482,4.0,N,대출 금리가 너무 높다고 항의. 금리 산정 기준 설명.
CL300225,2025-06-01,16:53:42,전화,카드,야간팀,270,,Y,"카드 연회비 환불 요청, 규정상 불가 안내"
CL300558,2025-05-01,11:49:48,이메일,예금,1팀,356,5.0,N,비대면 계좌개설 절차 문의.
CL300640,2025-06-13,11:00:27,챗봇,기타,3팀,98,4.0,N,"기타 단순 문의, 안내 후 종료"
CL301222,2025-06-28,10:08:41,전화, 이체,야간팀,99,5.0,N,이체 수수료 문의함.
CL300934,2025-01-01,11:31:05,전화,민원,3팀,578,2.0,Y,수수료 부과에 대한 반복 민원. 관리자 연결 요청함
CL300111,2025-07-21,10:11:20,전화,카드,야간팀,192,5.0,N,"카드 연회비 환불 요청, 규정상 불가 안내"
CL301188,2025-06-20,04:23:17,전화,카드,3팀,342,3.0,N,카드 분실 신고 및 재발급 접수.
CL300197,2025-08-20,19:27:52,앱문의,사기/보이스피싱,야간팀,341,,N,"사기 피해 발생, 피해구제 절차 안내"
CL300415,2025-01-01,14:12:31,이메일,민원,야간팀,281,1.0,Y,상담 연결이 너무 오래 걸린다고 강하게 항의.
CL300713,2025-10-05,02:46:13,앱문의,이체,야간팀,57,4.0,N,예약이체 설정 방법 안내.
CL301070,2025-11-06,14:37:32,앱문의,예금,2팀,128,5.0,N,적금 금리 우대조건 안내함
CL300534,2025-04-04,13:43:31,전화,민원,야간팀,615,3.0,N,수수료 부과에 대한 반복 민원. 관리자 연결 요청함
CL300483,2025-07-12,13:54:09,이메일,민원,3팀,421,4.0,N,상담 연결이 너무 오래 걸린다고 강하게 항의.
CL300046,2025-03-22,11:39:13,앱문의,이체,1팀,259,4.0,N,"타행 이체가 안 된다고 문의, 수취계좌 오류 안내"
CL300595,2025-01-17,05:16:19,전화,대출,3팀,2001,2.0,N,"중도상환수수료 문의, 상환 절차 안내"
CL300416,2025-09-03,07:25:17,전화,대출상담,2팀,276,4.0,N,대출 실행이 지연된다며 불만 접수. 심사 진행상황 확인 후 회신 약속.
CL300968,2025-10-04,13:07:37,앱문의,대출,3팀,216,4.0,N,대출 금리가 너무 높다고 항의. 금리 산정 기준 설명.
CL300685,2025-11-20,14:04:09,앱문의,대출,2팀,184,5.0,N,소액대출 한도 문의. 신용등급 확인 안내함.
CL300926,2025-07-28,11:43:06,전화,기타,야간팀,103,5.0,N,공인인증서 갱신 방법 문의.
CL300115,2025-12-31,00:51:58,전화,대출,야간팀,504,4.0,N,대출 금리가 너무 높다고 항의. 금리 산정 기준 설명.
CL300876,2025-05-12,09:10:38,앱문의,대출,1팀,650,4.0,N,소액대출 한도 문의. 신용등급 확인 안내함.
CL300170,2025-09-16,,,대출,1팀,362,,N,
CL300227,2025-07-05,14:25:48,전화,예금,3팀,128,5.0,N,적금 금리 우대조건 안내함
CL300672,2025-05-24,,,대출,1팀,314,,N,
CL300666,2025-08-07,13:17:43,전화,민원,야간팀,1210,2.0,Y,직원 응대가 불친절했다며 민원 제기. 사과 및 재발방지 약속.
CL300093,2025-09-04,16:45:04,챗봇,사기/보이스피싱,2팀,439,3.0,N,"사기 피해 발생, 피해구제 절차 안내"
CL300136,2025-06-19,18:01:56,전화,이체,야간팀,72,,N,"타행 이체가 안 된다고 문의, 수취계좌 오류 안내"
CL300812,2025-11-03,04:52:41,전화,이체,야간팀,143,4.0,Y,이체 한도 상향 요청. 본인확인 후 처리.
CL300506 ,2025-05-03,09:21:36,전화,이체,2팀,131,5.0,N,예약이체 설정 방법 안내.
CL300691,2025-10-01,11:45:49,챗봇,예금,2팀,204,4.0,N,정기예금 만기 해지 문의.
CL300996,2025-08-25,10:09:49,이메일,카드,1팀,262,4.0,N,"카드 연회비 환불 요청, 규정상 불가 안내"
CL300845,2025-05-20,14:36:10,챗봇,카드,2팀,232,4.0,N,"카드 연회비 환불 요청, 규정상 불가 안내"
CL300310,2025-06-11,06:46:23,챗봇,카드,1팀,181,4.0,N,카드 부정사용 의심 거래 신고. 즉시 정지 처리.
CL301003,2025-07-22,11:43:18,전화,예금,3팀,435,3.0,N,"예금 이자 지급일 문의, 확인 후 안내"
CL300014,2025-01-21,,,민원,2팀,786,,Y,
CL300981,2025-06-03,14:36:39,전화,카드,3팀,188,4.0,N,할부 전환 신청 접수함.
CL300759,2025-06-17,,,대출,2팀,424,,N,
CL300706,2025-02-19,15:07:01,앱문의,이체,3팀,289,4.0,N,이체 한도 상향 요청. 본인확인 후 처리.
CL300949,2025-06-13,13:07:43,전화,카드,3팀,78,,N,
CL300639,2025-06-27,15:49:57,이메일,민원,3팀,816,2.0,Y,상담 연결이 너무 오래 걸린다고 강하게 항의.
CL300099,2025-02-08,15:41:14,챗봇,대출,2팀,429,,N,대출 실행이 지연된다며 불만 접수. 심사 진행상황 확인 후 회신 약속.
CL300846,2025-04-23,15:45:38,챗봇,카드,1팀,456,4.0,N,카드 부정사용 의심 거래 신고. 즉시 정지 처리.
CL300904,2025-04-28,11:50:35,전화,대출,1팀,693,3.0,N,"중도상환수수료 문의, 상환 절차 안내"
CL301043,2025-05-19,15:55:42,전화,카드,2팀,221,4.0,N,카드 부정사용 의심 거래 신고. 즉시 정지 처리.
CL300985,2025-06-29,17:04:39,전화,카드,3팀,289,4.0,N,"카드 연회비 환불 요청, 규정상 불가 안내"
CL300870,2025-11-11,11:50:32,전화,기타,2팀,127,3.0,N,영업점 위치·운영시간 안내함
CL301001,2025-03-18,10:14:14,전화,기타,2팀,-205,,N,영업점 위치·운영시간 안내함
CL300642,2025-07-01,16:27:48,앱문의,카드,3팀,308,3.0,Y,해외결제 승인 거절 원인 문의. 한도 초과로 확인.
CL300954,2025-01-29,14:07:48,챗봇,카드,2팀,259,5.0,N,"카드 연회비 환불 요청, 규정상 불가 안내"
CL300205,2025-11-28,10:58:02,챗봇,카드,3팀,159,4.0,N,카드 부정사용 의심 거래 신고. 즉시 정지 처리.
CL300990,2025-07-30,11:07:20,이메일,기타,1팀,173,3.0,N,공인인증서 갱신 방법 문의.
CL300148,2025-08-31,10:17:34,,사기/보이스피싱,1팀,313,,N,
CL300405,2025-01-21,14:43:10,전화,이체,1팀,54600,4.0,Y,이체 한도 상향 요청. 본인확인 후 처리.
CL300797,2025-09-01,16:22:29,이메일,이체,1팀,107,5.0,Y,"타행 이체가 안 된다고 문의, 수취계좌 오류 안내"
CL300244,2025-04-04,,,기타,3팀,114,,N,
CL300525,2025-10-18,09:40:28,앱문의,민원,2팀,304,2.0,Y,상담 연결이 너무 오래 걸린다고 강하게 항의.
CL300975,2025-03-15,10:29:20,챗봇,이체,3팀,89,5.0,N,예약이체 설정 방법 안내.
CL300657,2025-05-02,14:44:13,이메일,카드,3팀,177,4.0,N,해외결제 승인 거절 원인 문의. 한도 초과로 확인.
CL300143,2025-03-30,17:54:59,앱문의,민원,야간팀,992,2.0,N,직원 응대가 불친절했다며 민원 제기. 사과 및 재발방지 약속.
CL300186,2025-06-28,14:51:49,이메일,card,1팀,270,5.0,N,해외결제 승인 거절 원인 문의. 한도 초과로 확인.
CL301065,2025-07-08,14:53:26,앱문의,대출,1팀,567,3.0,N,대출 금리가 너무 높다고 항의. 금리 산정 기준 설명.
CL300589,2025-12-31,11:03:21,앱문의,이체,야간팀,193,5.0,N,예약이체 설정 방법 안내.
CL300768,2025-04-29,15:00:18,전화,이체,3팀,124,3.0,N,"타행 이체가 안 된다고 문의, 수취계좌 오류 안내"
CL301117,2025-01-02,11:50:03,이메일,대출,야간팀,451,3.0,N,"중도상환수수료 문의, 상환 절차 안내"
CL300326,2025-09-11,05:07:56,전화,이체,2팀,319,4.0,N,예약이체 설정 방법 안내.
CL301235,2025-05-28,14:58:51,앱문의,예금,1팀,137,3.0,N,적금 금리 우대조건 안내함
CL301166,2025-10-25,,,민원,3팀,717,,N,
CL300230,2025-03-11,16:03:10,앱문의,사기/보이스피싱,2팀,797,3.0,N,"사기 피해 발생, 피해구제 절차 안내"
CL300796,2025-07-27,13:01:44,전화,카드,2팀,397,4.0,N,해외결제 승인 거절 원인 문의. 한도 초과로 확인.
CL300025,2025-07-19,01:14:47,앱문의,loan,2팀,283,,N,햇살론 신청 자격 문의함
CL300711,2025-11-24,14:54:38,챗봇,카드,1팀,304,4.0,N,"카드 연회비 환불 요청, 규정상 불가 안내"
CL300446,2025-06-09,17:49:04,전화,사기/보이스피싱,야간팀,1266,,N,보이스피싱 의심 거래 신고. 계좌 지급정지 안내.
CL300836,2025-02-17,17:14:31,전화,민원,1팀,898,2.0,N,수수료 부과에 대한 반복 민원. 관리자 연결 요청함
CL301251,2025-10-07,09:58:35,전화,대출,2팀,366,5.0,N,대출 실행이 지연된다며 불만 접수. 심사 진행상황 확인 후 회신 약속.
CL300586,2025-05-27,14:45:21,전화,대출,1팀,250,4.0,N,소액대출 한도 문의. 신용등급 확인 안내함.
CL301040,2025-03-13,11:40:07,앱문의,대출,야간팀,418,4.0,N,소액대출 한도 문의. 신용등급 확인 안내함.
CL300545,2025-03-20,09:01:36,앱문의,민원,2팀,584,1.0,N,직원 응대가 불친절했다며 민원 제기. 사과 및 재발방지 약속.
CL301014,2025-03-16,14:41:55,챗봇,사기/보이스피싱,3팀,371,4.0,N,보이스피싱 의심 거래 신고. 계좌 지급정지 안내내.
CL300697,2025-12-10,16:17:21,전화,민원,3팀,879,2.0,N,상담 연결이 너무 오래 걸린다고 강하게 항의.
CL301018,2025-12-31,02:53:53,이메일,이체,3팀,274,4.0,Y,예약이체 설정 방법 안내.
CL300785,2025-07-28,09:10:39,전화,민원,1팀,661,3.0,Y,수수료 부과에 대한 반복 민원. 관리자 연결 요청함
CL300650,2025-05-12,08:19:33,전화,대출,야간팀,123,5.0,N,소액대출 한도 문의. 신용등급 확인 안내함.
CL300104,2025-06-26,17:02:25,챗봇,예금,1팀,347,4.0,N,"예금 이자 지급일 문의, 확인 후 안내"
CL301188,2025-06-20,04:23:17,전화,카드,3팀,342,3.0,N,카드 분실 신고 및 재발급 접수.
CL300742,2025-06-05,11:12:41,전화,대출,3팀,191,5.0,N,대출 금리가 너무 높다고 항의. 금리 산정 기준 설명.
CL301107,2025-07-06,17:17:19,전화,예금,야간팀,297,4.0,Y,정기예금 만기 해지 문의.
CL300088,2025-05-07,15:59:49,이메일,카드상담,야간팀,229,3.0,N,"카드 연회비 환불 요청, 규정상 불가 안내내"
CL300078,2025-05-25,16:42:16,전화,카드,1팀,394,5.0,N,"카드 연회비 환불 요청, 규정상 불가 안내내"
CL300895,2025-03-02,14:31:47,전화,이체,1팀,227,,N,이체 한도 상향 요청. 본인확인 후 처리.
CL300140,2025-12-31,15:10:46,챗봇,카드,야간팀,160,5.0,N,해외결제 승인 거절 원인 문의. 한도 초과로 확인.
CL300156,2025-06-05,09:13:54,전화,카드,1팀,386,4.0,N,카드 부정사용 의심 거래 신고. 즉시 정지 처리.
CL300647,2025-06-15,13:38:08,전화,예금,1팀,93,3.0,N,정기예금 만기 해지 문의.
CL300851,2025-07-25,13:41:11,챗봇,이체,야간팀,252,4.0,N,이체 한도 상향 요청. 본인확인 후 처리.
CL301027,2025-07-05,03:14:56,전화,대출,1팀,350,4.0,Y,"중도상환수수료 문의, 상환 절차 안내"
CL301092,2025-04-25,16:23:23,전화,민원,1팀,521,3.0,N,앱 오류로 거래가 안 된다고 불만. 기술팀 이관.
CL300034,2025-11-19,17:32:21,전화,대출,1팀,127,4.0,Y,소액대출 한도 문의. 신용등급 확인 안내함.
CL300364,2025-08-09,09:54:26,챗봇,대출,야간팀,468,,N,"중도상환수수료 문의, 상환 절차 안내"
CL300743,2025-05-10,16:45:23,전화,예금,1팀,58998,3.0,Y,적금 금리 우대조건 안내함
CL301132,2025-05-11,22:49:22,이메일,카드,3팀,288,4.0,N,카드 분실 신고 및 재발급 접수.
CL300556,2025-05-08,17:51:07,이메일,대출,1팀,244,3.0,N,대출 금리가 너무 높다고 항의. 금리 산정 기준 설명.
CL300571,2025-05-10,14:06:17,전화,대출,3팀,249,4.0,N,대출 실행이 지연된다며 불만 접수. 심사 진행상황 확인 후 회신 약속.
CL300724,2025-12-31,14:42:39,앱문의,이체,야간팀,268,3.0,N,이체 수수료 문의함.
CL300905,2025-10-25,11:44:20,앱문의,카드,1팀,268,4.0,N,할부 전환 신청 접수함.
CL300359,2025-12-03,10:17:16,이메일,기타,야간팀,111,,N,공인인증서 갱신 방법 문의.
CL300396,2025-07-20,11:15:36,이메일,카드,야간팀,215,5.0,N,할부 전환 신청 접수함.
CL300527,2025-08-12,09:21:20,전화,이체,야간팀,274,4.0,N,이체 수수료 문의함.
CL300493,2025-12-19,10:32:28,챗봇,기타,2팀,85,5.0,N,영업점 위치·운영시간 안내함
CL300131,2025-07-21,,,대출,3팀,211,,N,
CL300055,2025-10-17,16:19:41,전화,카드,야간팀,167,4.0,N,카드 분실 신고 및 재발급 접수.
CL300206,2025-12-31,14:55:39,전화,대출,3팀,810,3.0,N,대출 실행이 지연된다며 불만 접수. 심사 진행상황 확인 후 회신 약속.
CL301066,2025-06-14,23:16:09,이메일,대출,1팀,288,4.0,N,대출 실행이 지연된다며 불만 접수. 심사 진행상황 확인 후 회신 약속.
CL300469,2025-11-15,11:23:15,이메일,카드,야간팀,115,,Y,카드 분실 신고 및 재발급 접수.
CL300182,2025-02-20,11:43:11,전화,기타,2팀,262,4.0,N,공인인증서 갱신 방법 문의.
CL301046,2025-05-14,11:53:12,챗봇,사기/보이스피싱,1팀,696,4.0,N,"사기 피해 발생, 피해구제 절차 안내"
CL301268,2025-09-08,10:51:12,앱문의,예금,3팀,411,5.0,N,비대면 계좌개설 절차 문의.
CL300345,2025-12-11,14:26:03,전화,예금,야간팀,261,,N,"예금 이자 지급일 문의, 확인 후 안내"
CL301205,2025-01-01,09:10:42,전화,이체,3팀,263,4.0,N,예약이체 설정 방법 안내.
CL300033,2025-09-29,11:14:23,챗봇,예금,야간팀,130,4.0,N,정기예금 만기 해지 문의.
CL300499,2025-05-23,19:48:07,챗봇,대출,1팀,491,3.0,N,대출 금리가 너무 높다고 항의. 금리 산정 기준 설명.
CL301057,2025-06-10,13:33:51,앱문의,민원,2팀,1366,2.0,Y,앱 오류로 거래가 안 된다고 불만. 기술팀 이관.
CL301252,2025-09-30,11:32:51,전화,사기/보이스피싱,1팀,261,4.0,N,모르는 출금 발생했다며 신고. 이상거래 확인 진행.
CL300932,2025-11-10,09:10:05,전화,대출,야간팀,129,4.0,N,"중도상환수수료 문의, 상환 절차 안내"
CL300952,2025-09-02,00:46:39,이메일,대출,1팀,450,5.0,N,"중도상환수수료 문의, 상환 절차 안내"
CL300997,2025-06-13,16:33:44,전화,대출,야간팀,179,4.0,N,"중도상환수수료 문의, 상환 절차 안내"
CL301149,2025-10-10,10:14:54,챗봇,이체,1팀,207,4.0,N,이체 한도 상향 요청. 본인확인 후 처리.
CL300062,2025-03-18,10:33:39,전화,카드,1팀,164,5.0,N,카드 부정사용 의심 거래 신고. 즉시 정지 처리.
CL300958,2025-08-27,16:16:52,챗봇,사기/보이스피싱,야간팀,1100,3.0,Y,보이스피싱 의심 거래 신고. 계좌 지급정지 안내.
CL301185,2025-05-29,14:51:52,전화,기타,1팀,102,4.0,N,비밀번호 초기화 요청.
CL300629,2025-03-29,11:24:47,전화,예금,야간팀,77,4.0,N,정기예금 만기 해지 문의.
CL300886,2025-06-18,13:50:13,전화,대출,야간팀,409,4.0,N,대출 금리가 너무 높다고 항의. 금리 산정 기준 설명.
CL301114,2025-04-08,10:18:20,전화,대출,1팀,450,4.0,N,대출 금리가 너무 높다고 항의. 금리 산정 기준 설명.
CL300515,2025-12-23,13:40:55,앱문의,이체,1팀,135,3.0,N,이체 한도 상향 요청. 본인확인 후 처리.
CL300790,2025-06-17,13:42:16,챗봇,예금,1팀,881,,Y,적금 금리 우대조건 안내함
CL300019,2025-05-08,16:44:02,앱문의,카드,2팀,120,4.0,N,카드 분실 신고 및 재발급 접수.
CL301156,2025-07-05,06:38:25,앱문의,예금,1팀,156,5.0,N,비대면 계좌개설 절차 문의.
CL300215,2025-06-12,09:05:07,전화,기타,2팀,-140,,N,"기타 단순 문의, 안내 후 종료"
CL300107,2025-03-28,14:27:39,앱문의,이체,2팀,124,4.0,N,예약이체 설정 방법 안내.
CL300399,2025-01-30,09:48:33,전화,카드,야간팀,683,3.0,Y,할부 전환 신청 접수함.
CL300794,2025-01-25,11:18:36,전화,사기/보이스피싱,야간팀,295,3.0,Y,모르는 출금 발생했다며 신고. 이상거래 확인 진행.
CL300999,2025-05-12,11:40:12,앱문의,대출,3팀,495,4.0,N,햇살론 신청 자격 문의함
CL300854,2025-03-23,09:38:14,전화,이체,야간팀,150,4.0,N,이체 한도 상향 요청. 본인확인 후 처리.
CL300344,2025-10-02,14:39:11,전화,카드,야간팀,321,,N,카드 부정사용 의심 거래 신고. 즉시 정지 처리.
CL300479,2025-06-21,14:23:59,전화,이체,야간팀,202,4.0,N,"타행 이체가 안 된다고 문의, 수취계좌 오류 안내"
CL300928,2025-07-07,16:50:54,전화,대출,1팀,324,5.0,N,햇살론 신청 자격 문의함
CL300599,2025-06-17,10:34:13,전화,예금,2팀,113,5.0,N,비대면 계좌개설 절차 문의.
CL300520,2025-09-29,17:15:11,전화,대출,야간팀,250,5.0,N,대출 실행이 지연된다며 불만 접수. 심사 진행상황 확인 후 회신 약속.
CL301020,2025-11-18,10:21:23,전화,대출,2팀,828,2.0,N,"중도상환수수료 문의, 상환 절차 안내"
CL301037,2025-12-29,10:25:13,전화,대출,3팀,434,3.0,N,"중도상환수수료 문의, 상환 절차 안내"
CL300825,2025-10-14,15:29:42,전화,민원,1팀,982,3.0,N,앱 오류로 거래가 안 된다고 불만. 기술팀 이관.
CL300751,2025-08-18,10:23:01,앱문의,기타,2팀,138,,N,공인인증서 갱신 방법 문의.
CL301226,2025-07-25,08:29:28,전화,예금,2팀,184,5.0,N,비대면 계좌개설 절차 문의.
CL301168,2025-01-15,15:35:31,전화,민원,3팀,304,3.0,N,직원 응대가 불친절했다며 민원 제기. 사과 및 재발방지 약속.
CL300941 ,2025-01-01,09:50:42,앱문의,민원,야간팀,663,1.0,N,수수료 부과에 대한 반복 민원. 관리자 연결 요청함
CL300161,2025-09-23,11:40:39,전화,대출,2팀,192,5.0,N,대출 실행이 지연된다며 불만 접수. 심사 진행상황 확인 후 회신 약속.
CL301158,2025-06-16,15:21:03,전화,대출,1팀,257,4.0,N,소액대출 한도 문의. 신용등급 확인 안내함.
CL300324,2025-07-15,09:53:08,전화,민원,2팀,193,2.0,N,앱 오류로 거래가 안 된다고 불만. 기술팀 이관.
CL300750,2025-12-31,17:23:56,이메일,카드,2팀,309,4.0,N,"카드 연회비 환불 요청, 규정상 불가 안내"
CL300219,2025-09-27,15:53:22,이메일,예금,1팀,276,3.0,N,비대면 계좌개설 절차 문의.
CL300549,2025-05-25,09:35:47,이메일,민원,1팀,491,3.0,N,상담 연결이 너무 오래 걸린다고 강하게 항의.
CL300187,2025-05-13,14:38:07,,카드,1팀,277,,N,
CL300891,2025-09-06,22:55:21,앱문의,민원,3팀,385,3.0,N,상담 연결이 너무 오래 걸린다고 강하게 항의.
CL300409,2025-08-03,15:14:41,전화,카드,야간팀,256,4.0,N,카드 분실 신고 및 재발급 접수.
CL300196,2025-10-06,13:34:58,이메일,카드,2팀,342,3.0,N,"카드 연회비 환불 요청, 규정상 불가 안내"
CL300887,2025-06-19,10:17:58,챗봇,대출,야간팀,728,3.0,N,소액대출 한도 문의. 신용등급 확인 안내함.
CL300682,2025-01-01,05:19:36,이메일,이체,야간팀,282,3.0,N,이체 수수료 문의함.
CL300353,2025-01-01,,,카드,2팀,113,,N,
CL301133,2025-05-22,11:09:01,전화,카드,3팀,251,5.0,N,카드 부정사용 의심 거래 신고. 즉시 정지 처리.
CL300739,2025-05-04,22:08:14,챗봇,대출,1팀,492,3.0,N,대출 금리가 너무 높다고 항의. 금리 산정 기준 설명.
CL300945,2025-05-31,09:28:37,전화,기타,1팀,140,3.0,N,"기타 단순 문의, 안내 후 종료"
CL300360,2025-03-13,03:37:00,전화,대출,야간팀,420,4.0,N,햇살론 신청 자격 문의함
CL300814,2025-10-04,10:50:14,전화,대출,2팀,276,3.0,N,대출 실행이 지연된다며 불만 접수. 심사 진행상황 확인 후 회신 약속.
CL300875,2025-04-12,14:28:22,이메일,예금,야간팀,112,5.0,N,정기예금 만기 해지 문의.
CL301213,2025-04-23,13:27:10,전화,예금,1팀,155,3.0,N,적금 금리 우대조건 안내함
CL300343,2025-04-15,14:14:58,전화,카드,2팀,256,4.0,N,할부 전환 신청 접수함.
CL300517,2025-01-05,10:38:00,전화,민원,1팀,683,2.0,N,상담 연결이 너무 오래 걸린다고 강하게 항의.
CL300282,2025-09-05,14:29:40,전화,민원,3팀,822,3.0,N,직원 응대가 불친절했다며 민원 제기. 사과 및 재발방지 약속.
CL300404,2025-02-04,16:17:46,이메일,loan,2팀,245,4.0,N,소액대출 한도 문의. 신용등급 확인 안내함.
CL300840,2025-01-20,18:06:20,챗봇,민원,1팀,559,1.0,N,수수료 부과에 대한 반복 민원. 관리자 연결 요청함
CL300474,2025-06-06,10:14:43,전화,사기/보이스피싱,1팀,660,2.0,N,모르는 출금 발생했다며 신고. 이상거래 확인 진행.
CL300127,2025-09-09,14:52:03,챗봇,이체,야간팀,197,4.0,N,이체 수수료 문의함.
CL300569,2025-05-30,23:51:11,전화,사기/보이스피싱,1팀,1064,1.0,N,보이스피싱 의심 거래 신고. 계좌 지급정지 안내.
CL300475,2025-08-19,16:39:18,이메일,사기/보이스피싱,1팀,874,3.0,N,보이스피싱 의심 거래 신고. 계좌 지급정지 안내.
CL300714,2025-09-30,01:22:24,앱문의,대출,2팀,557,4.0,N,소액대출 한도 문의. 신용등급 확인 안내함.
CL300049,2025-10-19,17:53:37,전화,대출,2팀,649,2.0,Y,소액대출 한도 문의. 신용등급 확인 안내함.
CL300134,2025-12-31,10:47:14,챗봇,카드,2팀,195,4.0,N,카드 분실 신고 및 재발급 접수.
CL301144,2025-05-21,14:20:07,이메일,대출상담,1팀,251,4.0,N,"중도상환수수료 문의, 상환 절차 안내"
CL300670,2025-01-30,05:12:52,챗봇,기타,3팀,338,4.0,Y,영업점 위치·운영시간 안내함
CL300356,2025-04-27,14:49:46,챗봇,대출,3팀,621,4.0,Y,대출 실행이 지연된다며 불만 접수. 심사 진행상황 확인 후 회신 약속.
CL300626,2025-07-12,09:22:13,전화,민원,1팀,215,1.0,N,수수료 부과에 대한 반복 민원. 관리자 연결 요청함
CL300873,2025-02-11,10:49:36,앱문의,기타,야간팀,182,4.0,N,"기타 단순 문의, 안내 후 종료"
CL300775,2025-05-06,10:03:32,전화,예금,1팀,163,4.0,N,비대면 계좌개설 절차 문의.
CL300734,2025-03-04,13:44:11,전화,대출,2팀,559,5.0,N,대출 금리가 너무 높다고 항의. 금리 산정 기준 설명.
CL300458,2025-03-17,14:07:12,챗봇,대출,야간팀,334,5.0,N,햇살론 신청 자격 문의함
CL300087,2025-02-23,14:26:56,전화,이체,1팀,109,5.0,N,"타행 이체가 안 된다고 문의, 수취계좌 오류 안내"
CL301221,2025-09-30,15:52:52,전화,대출,3팀,396,4.0,N,"중도상환수수료 문의, 상환 절차 안내"
CL300155,2025-01-07,16:39:46,이메일,민원,1팀,1349,1.0,N,앱 오류로 거래가 안 된다고 불만. 기술팀 이관.
CL301002,2025-05-03,10:49:55,전화,사기/보이스피싱,2팀,513,3.0,N,"사기 피해 발생, 피해구제 절차 안내"
CL300708,2025-09-27,13:58:36,이메일,카드,2팀,163,4.0,N,할부 전환 신청 접수함.
CL300982,2025-12-03,,,대출,1팀,492,,Y,
CL300827,2025-09-29,,,민원,3팀,269,,N,
CL300268,2025-08-29,,,카드,3팀,498,,N,
CL301067,2025-10-26,10:10:33,전화,대출,3팀,182,5.0,N,대출 금리가 너무 높다고 항의. 금리 산정 기준 설명.
CL300003,2025-12-08,16:04:35,전화,대출,2팀,505,3.0,N,"중도상환수수료 문의, 상환 절차 안내"
CL300221,2025-09-28,15:53:51,전화,카드,2팀,281,,N,해외결제 승인 거절 원인 문의. 한도 초과로 확인.
CL300354,2025-04-13,,,카드,야간팀,119,,N,
CL300387,2025-07-18,11:36:02,이메일,카드,1팀,125,5.0,N,카드 부정사용 의심 거래 신고. 즉시 정지 처리.
CL301111,2025-08-07,09:38:58,전화,민원,3팀,668,1.0,Y,상담 연결이 너무 오래 걸린다고 강하게 항의.
CL300357,2025-05-12,16:31:40,전화,대출,3팀,411,3.0,N,"중도상환수수료 문의, 상환 절차 안내"
CL300736,2025-09-30,16:56:28,이메일,대출,1팀,327,5.0,Y,햇살론 신청 자격 문의함
CL301073,2025-07-20,14:45:10,앱문의,대출,1팀,231,2.0,N,햇살론 신청 자격 문의함
CL300508,2025-12-31,13:11:40,챗봇,예금,3팀,244,4.0,N,정기예금 만기 해지 문의.
CL300830,2025-12-31,17:43:31,전화,카드,2팀,441,4.0,N,해외결제 승인 거절 원인 문의. 한도 초과로 확인.
CL301037,2025-12-29,10:25:13,전화,대출,3팀,434,3.0,N,"중도상환수수료 문의, 상환 절차 안내"
CL301243,2025-07-10,19:00:00,전화,카드,1팀,499,4.0,N,"카드 연회비 환불 요청, 규정상 불가 안내"
CL301013,2025-05-09,10:26:15,전화,대출,야간팀,404,4.0,N,소액대출 한도 문의. 신용등급 확인 안내함.
CL300114,2025-08-30,14:28:30,앱문의,민원,야간팀,850,3.0,N,앱 오류로 거래가 안 된다고 불만. 기술팀 이관.
CL300811,2025-03-21,09:45:36,챗봇,카드,2팀,240,3.0,N,"카드 연회비 환불 요청, 규정상 불가 안내"
CL300036,2025-05-27,11:22:27,전화,대출,야간팀,311,5.0,N,소액대출 한도 문의. 신용등급 확인 안내함.
CL300254,2025-07-18,01:33:13,앱문의,민원,1팀,614,2.0,N,직원 응대가 불친절했다며 민원 제기. 사과 및 재발방지 약속.
CL300741,2025-10-14,10:25:38,이메일,예금,야간팀,119,4.0,N,적금 금리 우대조건 안내함
CL300804,2025-01-15,15:03:34,이메일,대출,2팀,444,4.0,N,대출 금리가 너무 높다고 항의. 금리 산정 기준 설명.
CL301261,2025-06-06,06:31:58,전화,민원,2팀,685,3.0,N,수수료 부과에 대한 반복 민원. 관리자 연결 요청함
CL301106,2025-04-10,15:49:59,이메일,사기/보이스피싱,야간팀,2454,1.0,N,모르는 출금 발생했다며 신고. 이상거래 확인 진행.
CL301023,2025-02-22,09:41:58,앱문의,카드,3팀,254,3.0,N,카드 부정사용 의심 거래 신고. 즉시 정지 처리.
CL301163,2025-07-06,16:54:03,챗봇, 이체,1팀,218,,N,
CL300039,2025-03-08,15:42:17,전화,예금,3팀,61,3.0,Y,"예금 이자 지급일 문의, 확인 후 안내"
CL300385,2025-08-21,10:01:50,전화,민원,3팀,546,2.0,Y,상담 연결이 너무 오래 걸린다고 강하게 항의.
CL300234,2025-02-22,15:01:35,전화,기타,야간팀,132,5.0,Y,영업점 위치·운영시간 안내함
CL300842,2025-05-29,11:13:57,챗봇,대출,야간팀,346,3.0,N,"중도상환수수료 문의, 상환 절차 안내"
CL300667,2025-11-12,15:43:31,이메일,기타,2팀,117,3.0,N,비밀번호 초기화 요청.
CL300445,2025-06-20,10:36:58,이메일,이체,3팀,52,4.0,N,"타행 이체가 안 된다고 문의, 수취계좌 오류 안내"
CL301196,2025-05-03,16:23:48,챗봇,이체,야간팀,527,4.0,N,이체 한도 상향 요청. 본인확인 후 처리.
CL300262,2025-05-22,09:57:49,앱문의,loan,2팀,370,4.0,N,대출 실행이 지연된다며 불만 접수. 심사 진행상황 확인 후 회신 약속.
CL300700,2025-08-05,04:03:14,전화,카드,1팀,381,3.0,Y,"카드 연회비 환불 요청, 규정상 불가 안내"
CL301172,2025-06-23,17:59:05,전화,예금,3팀,207,4.0,N,정기예금 만기 해지 문의.
CL300547,2025-08-28,16:34:10,앱문의,대출,3팀,161,3.0,N,소액대출 한도 문의. 신용등급 확인 안내함.
CL301101,2025-07-30,17:55:47,이메일,대 출,2팀,393,4.0,N,소액대출 한도 문의. 신용등급 확인 안내함.
CL300583,2025-07-21,20:12:58,챗봇,카드,3팀,303,4.0,Y,카드 부정사용 의심 거래 신고. 즉시 정지 처리.
CL300381,2025-01-01,16:52:41,전화,기타,야간팀,135,4.0,N,비밀번호 초기화 요청.
CL300831,2025-06-25,17:35:06,전화,이체,야간팀,170,,N,예약이체 설정 방법 안내.
CL300468,2025-09-02,09:52:51,전화,민원,2팀,677,4.0,N,직원 응대가 불친절했다며 민원 제기. 사과 및 재발방지 약속.
CL301116,2025-10-29,10:34:14,전화,사기/보이스피싱,1팀,837,5.0,N,모르는 출금 발생했다며 신고. 이상거래 확인 진행.
CL300347,2025-12-23,16:00:34,앱문의,카드,3팀,364,4.0,N,카드 부정사용 의심 거래 신고. 즉시 정지 처리.
CL300207,2025-06-10,10:34:58,챗봇,카드,1팀,288,4.0,N,"카드 연회비 환불 요청, 규정상 불가 안내"
CL300610,2025-02-18,17:13:33,이메일,대출,3팀,210,5.0,N,소액대출 한도 문의. 신용등급 확인 안내함.
CL300017,2025-08-27,17:42:17,전화,예금,3팀,70,5.0,Y,적금 금리 우대조건 안내함
CL301137,2025-02-11,00:52:39,챗봇,예금,1팀,412,3.0,N,"예금 이자 지급일 문의, 확인 후 안내"
CL300013,2025-03-16,16:09:52,챗봇,대출,야간팀,300,5.0,N,소액대출 한도 문의. 신용등급 확인 안내함.
CL301044,2025-06-16,16:15:33,챗봇,민원,1팀,563,3.0,Y,상담 연결이 너무 오래 걸린다고 강하게 항의.
CL301052,2025-06-21,10:53:51,이메일,대출,야간팀,374,3.0,Y,대출 실행이 지연된다며 불만 접수. 심사 진행상황 확인 후 회신 약속.
CL300005,2025-06-11,14:52:14,전화,대출,2팀,156,5.0,N,소액대출 한도 문의. 신용등급 확인 안내함.
CL300312,2025-10-09,10:20:48,전화,이체,1팀,220,2.0,Y,"타행 이체가 안 된다고 문의, 수취계좌 오류 안내"
CL301004,2025-07-31,11:12:43,이메일,대출,2팀,244,3.0,Y,"중도상환수수료 문의, 상환 절차 안내"
CL300592,2025-03-01,13:49:32,전화,이체,야간팀,175,4.0,N,"타행 이체가 안 된다고 문의, 수취계좌 오류 안내"
CL301041,2025-07-22,09:57:01,전화,사기/보이스피싱,야간팀,359,3.0,N,"사기 피해 발생, 피해구제 절차 안내"
CL301024,2025-01-01,15:18:25,전화,사기/보이스피싱,야간팀,546,4.0,N,"사기 피해 발생, 피해구제 절차 안내"
CL301264,2025-12-31,14:21:40,앱문의,사기/보이스피싱,3팀,626,3.0,N,"사기 피해 발생, 피해구제 절차 안내"
CL300361,2025-11-02,13:57:32,전화,카드,야간팀,97,3.0,N,할부 전환 신청 접수함.
CL300108,2025-12-22,10:09:42,챗봇,카드,3팀,305,4.0,N,할부 전환 신청 접수함.
CL301250,2025-06-19,14:26:15,전화, 이체,2팀,196,5.0,N,"타행 이체가 안 된다고 문의, 수취계좌 오류 안내"
CL300346,2025-04-16,14:33:20,챗봇,기타,3팀,86191,,N,
CL301194,2025-01-01,16:09:55,앱문의,대출,3팀,574,4.0,N,"중도상환수수료 문의, 상환 절차 안내"
CL300426,2025-01-27,10:47:47,전화,대출,2팀,432,,N,대출 금리가 너무 높다고 항의. 금리 산정 기준 설명.
CL301019,2025-05-06,17:26:31,앱문의,민원,1팀,493,3.0,Y,앱 오류로 거래가 안 된다고 불만. 기술팀 이관.
CL300531,2025-08-22,10:46:46,전화,카드,1팀,254,2.0,N,카드 분실 신고 및 재발급 접수.
CL301169,2025-08-24,16:59:44,전화,대출,3팀,332,4.0,N,대출 금리가 너무 높다고 항의. 금리 산정 기준 설명.
CL301143,2025-05-19,14:55:23,챗봇,카드,2팀,101,4.0,N,카드 분실 신고 및 재발급 접수.
CL300224,2025-01-01,11:56:01,전화,이체,3팀,231,4.0,N,이체 수수료 문의함.
CL300218,2025-10-28,21:33:24,전화,대출,3팀,914,3.0,N,대출 금리가 너무 높다고 항의. 금리 산정 기준 설명.
CL300994,2025-06-01,17:16:36,챗봇,대출,야간팀,686,3.0,N,햇살론 신청 자격 문의함
CL300554,2025-12-15,16:15:54,챗봇,이체,2팀,92,5.0,N,"타행 이체가 안 된다고 문의, 수취계좌 오류 안내"
CL300334,2025-11-14,22:24:30,이메일,대출,1팀,228,4.0,N,대출 금리가 너무 높다고 항의. 금리 산정 기준 설명.
CL301273,2025-09-23,01:34:52,전화,카드,1팀,249,4.0,N,카드 부정사용 의심 거래 신고. 즉시 정지 처리.
CL301007,2025-07-19,22:23:35,전화,대출,1팀,185,5.0,N,햇살론 신청 자격 문의함
CL300862,2025-07-07,19:46:08,전화,기타,야간팀,107,4.0,N,"기타 단순 문의, 안내 후 종료"
CL300138,2025-12-03,17:01:30,챗봇,사기/보이스피싱,야간팀,725,4.0,N,보이스피싱 의심 거래 신고. 계좌 지급정지 안내.
CL300509,2025-06-09,16:28:36,전화,카드,3팀,146,4.0,N,카드 분실 신고 및 재발급 접수.
CL300175,2025-08-15,10:20:31,챗봇,대출,1팀,359,4.0,N,대출 실행이 지연된다며 불만 접수. 심사 진행상황 확인 후 회신 약속.
CL300199,2025-03-25,13:46:16,전화,예금,1팀,101,5.0,N,정기예금 만기 해지 문의.
CL300860,2025-01-01,21:15:31,이메일,이체,3팀,119,3.0,N,예약이체 설정 방법 안내.
CL301162,2025-04-15,01:52:21,전화,예금,3팀,217,,N,적금 금리 우대조건 안내함
CL300902,2025-02-27,09:56:07,앱문의,카드상담,2팀,492,3.0,Y,카드 분실 신고 및 재발급 접수.
CL300246 ,2025-09-05,13:35:46,전화,민원,2팀,620,1.0,Y,앱 오류로 거래가 안 된다고 불만. 기술팀 이관.
CL300167,2025-07-09,16:49:54,앱문의,예금,2팀,286,3.0,N,비대면 계좌개설 절차 문의.
CL300452,2025-02-11,11:58:50,전화,이체,1팀,334,3.0,N,"타행 이체가 안 된다고 문의, 수취계좌 오류 안내"
CL301275,2025-08-01,14:56:47,이메일,카드,2팀,292,4.0,N,해외결제 승인 거절 원인 문의. 한도 초과로 확인.
CL300560,2025-06-01,11:32:18,챗봇,기타,1팀,94,,N,비밀번호 초기화 요청.
CL300537,2025-06-07,11:24:22,전화,대출,3팀,477,5.0,N,햇살론 신청 자격 문의함
CL300265,2025-12-30,21:31:27,전화,민원,1팀,937,3.0,N,직원 응대가 불친절했다며 민원 제기. 사과 및 재발방지 약속.
CL300562,2025-07-28,15:25:37,이메일,카드,2팀,270,4.0,N,카드 부정사용 의심 거래 신고. 즉시 정지 처리.
CL300358,2025-10-03,14:39:13,전화,예금,야간팀,220,4.0,N,비대면 계좌개설 절차 문의.
CL300460,2025-10-25,09:30:37,챗봇,대출,1팀,353,4.0,N,대출 금리가 너무 높다고 항의. 금리 산정 기준 설명.
CL300669,2025-10-18,16:19:49,챗봇,민원,3팀,1772,2.0,N,직원 응대가 불친절했다며 민원 제기. 사과 및 재발방지 약속.
CL300456,2025-09-21,13:28:09,전화,카드,야간팀,295,2.0,N,"카드 연회비 환불 요청, 규정상 불가 안내"
CL301055,2025-08-13,10:47:25,챗봇,대출,2팀,182,3.0,N,"중도상환수수료 문의, 상환 절차 안내"
CL300269,2025-06-15,17:19:25,이메일,카드,1팀,301,4.0,N,카드 분실 신고 및 재발급 접수.
CL300568,2025-08-24,10:29:12,전화,대출,야간팀,404,5.0,N,햇살론 신청 자격 문의함
CL300630,2025-07-03,11:12:32,앱문의,대출,야간팀,582,4.0,N,대출 실행이 지연된다며 불만 접수. 심사 진행상황 확인 후 회신 약속.
CL300937,2025-08-14,13:38:57,앱문의,대출,야간팀,272,3.0,N,대출 금리가 너무 높다고 항의. 금리 산정 기준 설명.
CL300764,2025-09-13,23:07:12,이메일,카드,야간팀,653,2.0,N,할부 전환 신청 접수함.
CL300652,2025-09-21,07:18:51,챗봇,카드,야간팀,319,2.0,Y,"카드 연회비 환불 요청, 규정상 불가 안내"
CL300024,2025-12-31,16:53:51,전화,대출,1팀,313,4.0,N,대출 실행이 지연된다며 불만 접수. 심사 진행상황 확인 후 회신 약속.
CL300564 ,2025-09-28,17:30:23,전화,사기/보이스피싱,3팀,161,4.0,N,모르는 출금 발생했다며 신고. 이상거래 확인 진행.
CL300575,2025-08-10,10:08:26,전화,예금,1팀,252,4.0,N,비대면 계좌개설 절차 문의.
CL300284,2025-04-01,10:53:49,전화,대출,2팀,227,4.0,Y,대출 실행이 지연된다며 불만 접수. 심사 진행상황 확인 후 회신 약속.
CL300490,2025-05-24,,,카드,3팀,300,,N,
CL300371,2025-01-01,17:57:23,전화,대출,3팀,215,5.0,N,소액대출 한도 문의. 신용등급 확인 안내함.
CL300619,2025-07-25,,,카드,3팀,402,,N,
CL300869,2025-09-17,10:04:21,앱문의,이체,야간팀,83,5.0,N,이체 한도 상향 요청. 본인확인 후 처리.
CL300594,2025-10-27,10:23:10,앱문의,대출,1팀,206,5.0,N,소액대출 한도 문의. 신용등급 확인 안내함.
CL300467,2025-05-23,18:18:38,전화,카드,3팀,248,4.0,N,"카드 연회비 환불 요청, 규정상 불가 안내"
CL300973,2025-02-06,19:07:49,이메일,기타,1팀,226,,Y,"기타 단순 문의, 안내 후 종료"
CL300732,2025-08-08,11:59:40,전화,이체,3팀,167,3.0,N,이체 수수료 문의함.
CL300053,2025-10-22,10:14:18,챗봇,민원,2팀,2084,2.0,Y,앱 오류로 거래가 안 된다고 불만. 기술팀 이관.
CL301197,2025-04-16,21:27:29,전화,예금,2팀,233,3.0,N,"예금 이자 지급일 문의, 확인 후 안내"
CL300567,2025-08-30,00:30:17,전화,카드,2팀,207,3.0,N,카드 부정사용 의심 거래 신고. 즉시 정지 처리.
CL300809,2025-01-01,17:08:37,앱문의,카드,3팀,147,5.0,N,"카드 연회비 환불 요청, 규정상 불가 안내"
CL300800,2025-06-18,10:42:03,챗봇,대출,야간팀,583,5.0,N,대출 금리가 너무 높다고 항의. 금리 산정 기준 설명.
CL300301,2025-11-30,16:40:57,전화,이체,1팀,-40,4.0,N,"타행 이체가 안 된다고 문의, 수취계좌 오류 안내"
CL300616,2025-05-02,06:04:50,앱문의,송금,3팀,119,5.0,N,이체 한도 상향 요청. 본인확인 후 처리.
CL300274,2025-08-23,05:09:21,전화,loan,1팀,545,5.0,N,소액대출 한도 문의. 신용등급 확인 안내함.
CL300980,2025-12-19,11:55:41,챗봇,기타,3팀,298,5.0,N,공인인증서 갱신 방법 문의.
CL300338,2025-07-16,00:51:43,챗봇,민원,3팀,519,3.0,N,상담 연결이 너무 오래 걸린다고 강하게 항의.
CL301192,2025-07-04,16:47:03,전화,대출,3팀,1019,2.0,N,대출 금리가 너무 높다고 항의. 금리 산정 기준 설명.
CL300438,2025-12-31,17:15:19,전화,loan,야간팀,1177,2.0,N,대출 금리가 너무 높다고 항의. 금리 산정 기준 설명.
CL301048,2025-10-16,10:22:55,앱문의,대출,1팀,114,5.0,N,"중도상환수수료 문의, 상환 절차 안내"
CL300544,2025-06-26,,,대출,야간팀,162,,N,
CL300289,2025-04-24,11:56:46,챗봇,대출,3팀,329,4.0,N,"중도상환수수료 문의, 상환 절차 안내"
CL300546,2025-09-15,10:23:05,전화,대출,2팀,533,5.0,N,햇살론 신청 자격 문의함
CL300203,2025-05-12,16:03:26,앱문의,이체,3팀,84,5.0,N,이체 수수료 문의함.
CL300015,2025-06-30,15:27:27,전화,대출,2팀,190,3.0,N,대출 실행이 지연된다며 불만 접수. 심사 진행상황 확인 후 회신 약속.
CL300503,2025-05-07,15:49:48,전화,card,1팀,343,,N,카드 분실 신고 및 재발급 접수.
CL300394,2025-09-10,10:00:19,이메일,기타,2팀,168,2.0,Y,"기타 단순 문의, 안내 후 종료"
CL300810,2025-07-06,11:54:37,앱문의,기타,1팀,181,5.0,N,공인인증서 갱신 방법 문의.
CL301240,2025-12-31,17:58:23,전화,예금,3팀,89050,5.0,N,비대면 계좌개설 절차 문의.
CL301141,2025-01-29,17:37:09,앱문의,대출상담,3팀,448,3.0,N,"중도상환수수료 문의, 상환 절차 안내"
CL301118,2025-06-14,11:12:07,전화,기타,야간팀,71,4.0,N,비밀번호 초기화 요청.
CL300721,2025-03-23,11:54:48,챗봇,대출,3팀,412,4.0,N,소액대출 한도 문의. 신용등급 확인 안내함.
CL300960,2025-09-01,07:03:32,전화,이체,2팀,117,5.0,N,예약이체 설정 방법 안내.
CL300194,2025-02-24,22:24:25,챗봇,대출상담,1팀,437,5.0,N,햇살론 신청 자격 문의함
CL301177,2025-07-15,23:45:42,전화,대출,1팀,382,3.0,N,대출 실행이 지연된다며 불만 접수. 심사 진행상황 확인 후 회신 약속.
CL300856 ,2025-05-03,04:25:22,이메일,이체,1팀,128,5.0,N,이체 한도 상향 요청. 본인확인 후 처리.
CL300570,2025-05-04,17:23:02,이메일,민원,1팀,518,2.0,N,직원 응대가 불친절했다며 민원 제기. 사과 및 재발방지 약속.
CL300787,2025-07-22,14:34:28,전화,카드,3팀,171,4.0,N,할부 전환 신청 접수함.
CL300861,2025-11-26,10:15:31,챗봇,민원,3팀,244,3.0,N,직원 응대가 불친절했다며 민원 제기. 사과 및 재발방지 약속.
CL300384,2025-09-29,14:14:53,앱문의,카드,3팀,560,2.0,N,해외결제 승인 거절 원인 문의. 한도 초과로 확인.
CL301267,2025-05-29,13:12:40,챗봇,민원,야간팀,449,3.0,N,상담 연결이 너무 오래 걸린다고 강하게 항의.
CL300181,2025-11-25,10:39:19,전화,사기/보이스피싱,야간팀,609,2.0,N,모르는 출금 발생했다며 신고. 이상거래 확인 진행.
CL301247,2025-02-04,15:26:30,전화,예금,3팀,115,4.0,N,비대면 계좌개설 절차 문의.
CL300754,2025-12-05,10:47:37,전화,대 출,1팀,672,5.0,N,햇살론 신청 자격 문의함
CL300085,2025-01-25,09:31:54,전화,민원,3팀,393,4.0,N,상담 연결이 너무 오래 걸린다고 강하게 항의.
CL300133,2025-05-15,14:16:18,전화,카드,1팀,240,3.0,N,할부 전환 신청 접수함.
CL300716,2025-06-02,10:11:17,앱문의,카드,1팀,361,4.0,N,할부 전환 신청 접수함.
CL300486,2025-05-04,11:38:04,앱문의,송금,야간팀,130,,N,예약이체 설정 방법 안내.
CL300267,2025-06-12,14:34:59,전화,민원,야간팀,307,2.0,N,상담 연결이 너무 오래 걸린다고 강하게 항의.
CL300455,2025-07-11,15:06:03,챗봇,민원,1팀,643,3.0,N,상담 연결이 너무 오래 걸린다고 강하게 항의.
CL300154,2025-08-14,10:10:37,앱문의,대출,1팀,251,5.0,N,대출 실행이 지연된다며 불만 접수. 심사 진행상황 확인 후 회신 약속.
CL301266,2025-06-01,11:00:29,전화,카드,3팀,68,5.0,N,카드 분실 신고 및 재발급 접수.
CL300837,2025-09-11,15:22:27,이메일,민원,2팀,327,4.0,N,앱 오류로 거래가 안 된다고 불만. 기술팀 이관.
CL300051,2025-06-21,10:33:37,전화,대출,2팀,388,3.0,N,햇살론 신청 자격 문의함
CL300579,2025-06-26,11:14:06,앱문의,예금,3팀,441,4.0,N,비대면 계좌개설 절차 문의.
CL300676,2025-07-29,03:16:37,전화,민원,2팀,299,2.0,N,수수료 부과에 대한 반복 민원. 관리자 연결 요청함
CL300320,2025-08-26,11:37:04,이메일,이체,2팀,101,5.0,N,이체 수수료 문의함.
CL300604,2025-09-25,15:37:53,전화,대출상담,2팀,321,4.0,N,소액대출 한도 문의. 신용등급 확인 안내함.
CL300315,2025-04-22,08:46:18,전화,이체,2팀,171,3.0,N,"타행 이체가 안 된다고 문의, 수취계좌 오류 안내"
CL301277,2025-03-07,10:48:34,전화,이체,야간팀,292,4.0,N,이체 한도 상향 요청. 본인확인 후 처리.
CL300692,2025-06-01,11:02:55,전화,카드,2팀,168,,N,"카드 연회비 환불 요청, 규정상 불가 안내"
CL300124,2025-06-07,21:01:46,전화,기타,2팀,64,5.0,N,비밀번호 초기화 요청.
CL300433,2025-05-03,11:58:56,앱문의,이체,1팀,152,,N,예약이체 설정 방법 안내.
CL300243,2025-04-02,14:37:50,앱문의,사기/보이스피싱,2팀,457,5.0,N,보이스피싱 의심 거래 신고. 계좌 지급정지 안내.
CL300322,2025-06-20,13:55:10,전화,민원,3팀,678,2.0,Y,상담 연결이 너무 오래 걸린다고 강하게 항의.
CL300239,2025-06-07,16:54:22,앱문의,대출,야간팀,65566,5.0,N,대출 금리가 너무 높다고 항의. 금리 산정 기준 설명.
CL300663,2025-07-25,13:22:59,전화,사기/보이스피싱,1팀,458,2.0,N,모르는 출금 발생했다며 신고. 이상거래 확인 진행.
CL300885,2025-12-31,09:16:33,앱문의,대출,1팀,807,2.0,Y,소액대출 한도 문의. 신용등급 확인 안내함.
CL301075,2025-09-07,11:14:15,앱문의,대출,야간팀,320,4.0,N,대출 금리가 너무 높다고 항의. 금리 산정 기준 설명.
CL300355,2025-06-06,09:32:09,전화,카드,3팀,381,3.0,N,해외결제 승인 거절 원인 문의. 한도 초과로 확인.
CL300086,2025-09-26,21:06:28,챗봇,대출,야간팀,388,4.0,N,대출 실행이 지연된다며 불만 접수. 심사 진행상황 확인 후 회신 약속.
CL300137 ,2025-04-12,10:13:46,앱문의,예금,야간팀,202,5.0,N,비대면 계좌개설 절차 문의.
CL301200,2025-06-28,14:13:30,앱문의,사기/보이스피싱,2팀,619,2.0,Y,보이스피싱 의심 거래 신고. 계좌 지급정지 안내.
CL300538,2025-11-18,14:07:08,이메일,카드,1팀,216,3.0,N,카드 부정사용 의심 거래 신고. 즉시 정지 처리.
CL300601,2025-02-06,10:48:27,전화,민원,2팀,663,2.0,N,앱 오류로 거래가 안 된다고 불만. 기술팀 이관.
CL300935,2025-07-06,11:03:34,전화,대출,2팀,639,2.0,N,햇살론 신청 자격 문의함
CL300513,2025-09-10,14:11:46,전화,민원,2팀,596,2.0,Y,직원 응대가 불친절했다며 민원 제기. 사과 및 재발방지 약속.
CL301113,2025-02-10,11:21:44,전화,대출,야간팀,418,2.0,N,대출 실행이 지연된다며 불만 접수. 심사 진행상황 확인 후 회신 약속.
CL300548,2025-12-31,10:57:46,전화,예금,야간팀,212,5.0,N,"예금 이자 지급일 문의, 확인 후 안내"
CL300050,2025-08-30,11:35:53,이메일,예금,2팀,110,4.0,N,정기예금 만기 해지 문의.
CL300877,2025-09-10,16:13:47,전화,기타,2팀,84,3.0,N,"기타 단순 문의, 안내 후 종료"
CL300940,2025-11-13,03:36:24,전화,대출상담,야간팀,272,5.0,N,대출 실행이 지연된다며 불만 접수. 심사 진행상황 확인 후 회신 약속.
CL300644,2025-05-30,16:54:40,전화,사기/보이스피싱,1팀,1053,2.0,N,모르는 출금 발생했다며 신고. 이상거래 확인 진행.
CL300514,2025-12-31,10:35:27,이메일,민원,1팀,621,3.0,N,앱 오류로 거래가 안 된다고 불만. 기술팀 이관.
CL300740,2025-05-18,08:46:14,전화,카드상담,야간팀,163,4.0,N,"카드 연회비 환불 요청, 규정상 불가 안내"
CL300530,2025-10-17,11:27:32,챗봇,카드,1팀,302,5.0,N,카드 분실 신고 및 재발급 접수.
CL300195,2025-12-31,10:46:11,전화,송금,1팀,161,4.0,N,예약이체 설정 방법 안내.
CL300350,2025-08-24,17:49:45,이메일,사기/보이스피싱,야간팀,826,2.0,N,"사기 피해 발생, 피해구제 절차 안내"
CL300615,2025-07-16,10:29:00,전화,대출,2팀,145,4.0,N,대출 금리가 너무 높다고 항의. 금리 산정 기준 설명.
CL300681,2025-06-28,17:45:17,전화,대출상담,3팀,449,4.0,N,대출 실행이 지연된다며 불만 접수. 심사 진행상황 확인 후 회신 약속.
CL300888,2025-05-21,16:32:54,이메일,대출,야간팀,283,4.0,N,소액대출 한도 문의. 신용등급 확인 안내함.
CL300847,2025-04-20,15:41:25,이메일,대출,1팀,211,4.0,N,햇살론 신청 자격 문의함
CL300160,2025-06-16,14:39:44,챗봇,카드,1팀,145,4.0,N,카드 분실 신고 및 재발급 접수.
CL300963,2025-05-01,14:18:19,이메일,이체,2팀,104,5.0,N,"타행 이체가 안 된다고 문의, 수취계좌 오류 안내"
CL300436,2025-01-01,11:15:53,전화,대출,야간팀,683,3.0,N,대출 금리가 너무 높다고 항의. 금리 산정 기준 설명.
CL300853,2025-09-20,20:53:16,전화,카드,야간팀,89,4.0,N,카드 분실 신고 및 재발급 접수.
CL301274,2025-01-01,17:50:36,이메일,대출,2팀,442,3.0,N,"중도상환수수료 문의, 상환 절차 안내"
CL300223,2025-12-31,13:51:50,챗봇,카드,1팀,193,5.0,N,카드 분실 신고 및 재발급 접수.
CL301227,2025-07-18,11:30:48,전화,카드,야간팀,128,4.0,N,할부 전환 신청 접수함.
CL301127,2025-11-25,14:38:15,이메일,이체,야간팀,-40,,N,"타행 이체가 안 된다고 문의, 수취계좌 오류 안내"
CL300942,2025-10-05,14:39:00,전화,카드,3팀,117,5.0,N,카드 부정사용 의심 거래 신고. 즉시 정지 처리.
CL300060,2025-10-16,09:35:14,전화,이체,1팀,159,4.0,N,이체 수수료 문의함.
CL300000,2025-07-04,02:36:10,전화,기타,3팀,145,4.0,N,"기타 단순 문의, 안내 후 종료"
CL300584,2025-04-08,11:18:46,이메일,카드,3팀,140,4.0,N,할부 전환 신청 접수함.
CL300864,2025-07-29,14:06:24,전화,카드,야간팀,201,,N,"카드 연회비 환불 요청, 규정상 불가 안내"
CL300826,2025-01-15,13:05:16,전화,대출,2팀,484,3.0,N,대출 금리가 너무 높다고 항의. 금리 산정 기준 설명.
CL301219,2025-07-11,17:15:52,전화,카드,3팀,235,3.0,N,카드 분실 신고 및 재발급 접수.
CL300820,2025-02-24,14:33:09,앱문의,카드,1팀,388,4.0,N,카드 분실 신고 및 재발급 접수.
CL300130,2025-05-25,17:36:37,전화,카드,3팀,84,5.0,N,할부 전환 신청 접수함.
CL300376,2025-03-07,16:34:19,전화,이체,3팀,-14,3.0,N,예약이체 설정 방법 안내.
CL300731,2025-09-30,02:17:39,전화,민원,3팀,576,3.0,N,상담 연결이 너무 오래 걸린다고 강하게 항의.
CL300884,2025-03-20,16:24:34,이메일,이체,야간팀,257,4.0,N,이체 수수료 문의함.
CL300204,2025-08-04,14:42:35,전화,기타,야간팀,171,4.0,N,비밀번호 초기화 요청.
CL300539,2025-04-27,11:17:20,이메일,이체,2팀,197,,N,"타행 이체가 안 된다고 문의, 수취계좌 오류 안내"
CL300813,2025-04-26,11:56:42,전화,예금,3팀,100,4.0,N,적금 금리 우대조건 안내함
CL300970,2025-08-22,17:40:38,이메일,이체,3팀,224,4.0,N,예약이체 설정 방법 안내.
CL300040,2025-05-06,11:59:58,챗봇,카드,1팀,74,5.0,N,카드 부정사용 의심 거래 신고. 즉시 정지 처리.
CL300687,2025-01-01,11:03:50,전화,대출상담,1팀,342,4.0,N,대출 금리가 너무 높다고 항의. 금리 산정 기준 설명.
CL301175,2025-08-21,09:31:02,전화,민원,3팀,-10,,N,
CL301158,2025-06-16,15:21:03,전화,대출,1팀,257,4.0,N,소액대출 한도 문의. 신용등급 확인 안내함.
CL300761,2025-02-13,10:24:47,전화,민원,야간팀,488,3.0,N,직원 응대가 불친절했다며 민원 제기. 사과 및 재발방지 약속.
CL300763,2025-07-13,10:44:14,전화,민원,3팀,341,2.0,N,앱 오류로 거래가 안 된다고 불만. 기술팀 이관.
CL300680,2025-02-13,14:44:42,챗봇,이체,2팀,157,5.0,N,이체 수수료 문의함.
CL300992,2025-06-25,13:51:48,챗봇,카드,2팀,136,4.0,N,"카드 연회비 환불 요청, 규정상 불가 안내"
CL300209,2025-07-05,17:59:01,이메일,민원,1팀,290,4.0,N,직원 응대가 불친절했다며 민원 제기. 사과 및 재발방지 약속.
CL300512,2025-11-05,14:15:10,전화,이체,2팀,195,5.0,N,"타행 이체가 안 된다고 문의, 수취계좌 오류 안내"
CL300007,2025-04-24,07:53:08,전화,민원,야간팀,435,3.0,N,앱 오류로 거래가 안 된다고 불만. 기술팀 이관.
CL300938,2025-12-19,03:18:45,챗봇,민원,야간팀,2158,1.0,N,상담 연결이 너무 오래 걸린다고 강하게 항의.
CL300235,2025-09-16,10:22:28,앱문의,대출,3팀,311,4.0,N,대출 실행이 지연된다며 불만 접수. 심사 진행상황 확인 후 회신 약속.
CL301258,2025-06-19,09:01:35,앱문의,이체,1팀,182,3.0,N,이체 한도 상향 요청. 본인확인 후 처리.
CL300001,2025-03-28,04:09:39,이메일,민원,2팀,573,3.0,N,직원 응대가 불친절했다며 민원 제기. 사과 및 재발방지 약속.
CL301103,2025-03-06,14:02:18,전화,기타,1팀,87,4.0,N,영업점 위치·운영시간 안내내함
CL300892,2025-07-24,11:51:08,전화,대출,1팀,48,4.0,N,햇살론 신청 자격 문의함
CL300322,2025-06-20,13:55:10,전화,민원,3팀,678,2.0,Y,상담 연결이 너무 오래 걸린다고 강하게 항의.
CL300693,2025-05-25,11:43:56,앱문의,대출,1팀,236,5.0,N,"중도상환수수료 문의, 상환 절차 안내"
CL300859,2025-10-26,15:58:11,전화,카드,야간팀,431,3.0,Y,할부 전환 신청 접수함.
CL300866,2025-01-23,05:21:51,전화,사기/보이스피싱,3팀,570,4.0,N,"사기 피해 발생, 피해구제 절차 안내"
CL301193,2025-03-05,18:08:04,전화,사기/보이스피싱,3팀,691,,N,"사기 피해 발생, 피해구제 절차 안내"
CL300004,2025-08-27,13:19:50,전화,이체,1팀,211,4.0,N,이체 한도 상향 요청. 본인확인 후 처리.
CL300662,2025-05-25,11:29:24,챗봇,카드상담,2팀,314,,N,카드 분실 신고 및 재발급 접수.
CL300760,2025-08-22,10:26:47,챗봇,기타,3팀,-71,4.0,N,공인인증서 갱신 방법 문의.
CL300341,2025-01-01,11:31:16,전화,카드상담,3팀,348,4.0,N,"카드 연회비 환불 요청, 규정상 불가 안내"
CL300058,2025-01-01,21:37:48,챗봇,대출,2팀,444,3.0,N,소액대출 한도 문의. 신용등급 확인 안내함.
CL300054,2025-12-07,11:50:03,전화,이체,2팀,521,4.0,N,이체 한도 상향 요청. 본인확인 후 처리.
CL301102,2025-10-17,14:49:37,이메일,카드,2팀,474,3.0,N,카드 부정사용 의심 거래 신고. 즉시 정지 처리.
CL300961,2025-08-04,03:10:13,챗봇,카드,1팀,204,5.0,N,할부 전환 신청 접수함.
CL300451,2025-05-13,15:35:04,앱문의,민원,3팀,900,2.0,N,직원 응대가 불친절했다며 민원 제기. 사과 및 재발방지 약속.
CL300950,2025-10-22,17:48:26,이메일,카드,야간팀,319,3.0,N,카드 부정사용 의심 거래 신고. 즉시 정지 처리.
CL300229,2025-08-05,14:16:19,이메일,민원,1팀,277,3.0,Y,상담 연결이 너무 오래 걸린다고 강하게 항의.
CL300479,2025-06-21,14:23:59,전화,이체,야간팀,202,4.0,N,"타행 이체가 안 된다고 문의, 수취계좌 오류 안내"
CL300319,2025-10-06,10:10:44,전화,카드,2팀,356,5.0,N,카드 분실 신고 및 재발급 접수.
CL300251,2025-05-29,15:11:15,앱문의,대출,1팀,258,3.0,N,대출 금리가 너무 높다고 항의. 금리 산정 기준 설명.
CL300522,2025-09-13,13:41:47,이메일,민원,1팀,817,2.0,N,앱 오류로 거래가 안 된다고 불만. 기술팀 이관.
CL300216,2025-01-01,20:18:08,이메일,기타,야간팀,181,5.0,N,공인인증서 갱신 방법 문의.
CL300580,2025-03-15,17:53:13,이메일,예금,1팀,186,4.0,N,정기예금 만기 해지 문의.
CL300042,2025-04-25,11:28:47,이메일,카드,2팀,224,4.0,N,해외결제 승인 거절 원인 문의. 한도 초과로 확인.
CL301119,2025-02-28,11:22:22,전화,대출,2팀,560,3.0,N,대출 금리가 너무 높다고 항의. 금리 산정 기준 설명.
CL300332,2025-04-28,17:14:30,앱문의,대출,2팀,601,4.0,N,대출 금리가 너무 높다고 항의. 금리 산정 기준 설명.
CL300643,2025-03-20,17:02:15,이메일,이체,야간팀,152,5.0,N,이체 한도 상향 요청. 본인확인 후 처리.
CL300153,2025-04-03,16:01:10,앱문의,민원,야간팀,696,2.0,N,앱 오류로 거래가 안 된다고 불만. 기술팀 이관.
CL300116,2025-12-07,16:09:14,이메일,대출,3팀,437,4.0,N,대출 금리가 너무 높다고 항의. 금리 산정 기준 설명.
CL300707,2025-06-10,14:37:48,전화,대출,3팀,115,4.0,N,대출 실행이 지연된다며 불만 접수. 심사 진행상황 확인 후 회신 약속.
CL301237,2025-03-10,16:15:31,챗봇,카드,3팀,181,3.0,N,카드 부정사용 의심 거래 신고. 즉시 정지 처리.
CL301035,2025-04-29,11:40:01,이메일,대출,3팀,242,4.0,N,햇살론 신청 자격 문의함
CL300550,2025-03-19,19:19:29,전화,기타,1팀,160,2.0,N,공인인증서 갱신 방법 문의.
CL300844,2025-09-28,14:15:28,전화,카드,2팀,169,4.0,N,카드 부정사용 의심 거래 신고. 즉시 정지 처리.
CL300009,2025-09-27,02:07:44,앱문의,예금,2팀,108,5.0,N,"예금 이자 지급일 문의, 확인 후 안내"
CL300428,2025-02-19,16:38:45,앱문의,예금,야간팀,217,5.0,N,정기예금 만기 해지 문의.
CL300363,2025-03-09,16:05:40,앱문의,민원,야간팀,481,4.0,N,수수료 부과에 대한 반복 민원. 관리자 연결 요청함
CL300435,2025-10-17,11:02:58,전화,대출,2팀,281,4.0,N,"중도상환수수료 문의, 상환 절차 안내"
CL300158,2025-06-30,14:58:46,전화,카드,2팀,127,5.0,N,해외결제 승인 거절 원인 문의. 한도 초과로 확인.
CL301265,2025-01-16,08:38:49,챗봇,카드,야간팀,194,3.0,N,카드 분실 신고 및 재발급 접수.
CL300939,2025-06-15,05:31:12,챗봇,사기/보이스피싱,야간팀,497,3.0,N,모르는 출금 발생했다며 신고. 이상거래 확인 진행.
CL301000,2025-05-17,16:30:52,이메일,카드,야간팀,77,5.0,N,카드 부정사용 의심 거래 신고. 즉시 정지 처리.
CL300185,2025-09-29,10:00:03,챗봇,대출,3팀,316,5.0,N,소액대출 한도 문의. 신용등급 확인 안내함.
CL300634,2025-10-17,16:23:11,전화,카드,3팀,316,3.0,Y,"카드 연회비 환불 요청, 규정상 불가 안내"
CL300380,2025-05-25,11:44:57,전화,대출,1팀,622,5.0,N,소액대출 한도 문의. 신용등급 확인 안내함.
CL300635,2025-05-01,15:03:08,전화,기타,1팀,179,3.0,N,"기타 단순 문의, 안내 후 종료"
CL300100,2025-06-12,14:30:55,전화,민원,1팀,278,2.0,N,앱 오류로 거래가 안 된다고 불만. 기술팀 이관.
CL300411,2025-06-14,07:41:11,챗봇,이체,2팀,215,5.0,N,이체 수수료 문의함.
CL300255,2025-10-06,23:47:52,앱문의,카드,3팀,402,3.0,Y,해외결제 승인 거절 원인 문의. 한도 초과로 확인.
CL301130,2025-08-09,10:09:41,전화,대출,3팀,391,4.0,N,대출 금리가 너무 높다고 항의. 금리 산정 기준 설명.
CL300498,2025-05-06,14:05:13,이메일,이체,3팀,109,5.0,N,이체 한도 상향 요청. 본인확인 후 처리.
CL300500,2025-01-01,15:37:28,전화,이체,야간팀,230,3.0,N,이체 한도 상향 요청. 본인확인 후 처리.
CL301270,2025-01-01,16:06:28,전화,대출,1팀,548,,N,소액대출 한도 문의. 신용등급 확인 안내함.
CL300285,2025-10-03,13:16:38,챗봇,카드,3팀,822,2.0,N,카드 부정사용 의심 거래 신고. 즉시 정지 처리.
CL300793,2025-08-27,01:50:27,전화,카드,2팀,204,4.0,N,해외결제 승인 거절 원인 문의. 한도 초과로 확인.
CL301276,2025-01-01,10:46:33,이메일,카드,1팀,237,4.0,N,할부 전환 신청 접수함.
CL300307,2025-05-31,10:06:47,전화,기타,야간팀,86,4.0,N,영업점 위치·운영시간 안내함
CL300379,2025-07-20,11:55:19,전화,카드,야간팀,754,4.0,N,해외결제 승인 거절 원인 문의. 한도 초과로 확인.
CL300849,2025-09-01,11:56:23,전화,이체,2팀,156,4.0,N,이체 한도 상향 요청. 본인확인 후 처리.
CL300915,2025-06-11,11:00:07,전화,예금,야간팀,213,4.0,N,적금 금리 우대조건 안내함
CL300449,2025-05-07,22:04:04,이메일,card,야간팀,417,4.0,N,해외결제 승인 거절 원인 문의. 한도 초과로 확인.
CL300917,2025-03-25,13:56:03,이메일,대출,1팀,416,4.0,N,소액대출 한도 문의. 신용등급 확인 안내함.
CL300779,2025-02-09,,,민원,3팀,392,,N,
CL300878,2025-07-02,16:48:32,챗봇,카드,3팀,818,3.0,N,카드 분실 신고 및 재발급 접수.
CL300696,2025-09-18,14:12:21,챗봇,card,3팀,454,4.0,N,해외결제 승인 거절 원인 문의. 한도 초과로 확인.
CL300636,2025-03-24,15:32:29,챗봇,이체,3팀,69,,N,이체 한도 상향 요청. 본인확인 후 처리.
CL300541,2025-07-13,10:30:44,챗봇,카드,2팀,258,5.0,N,해외결제 승인 거절 원인 문의. 한도 초과로 확인.
CL300231,2025-03-22,17:11:34,전화,카드,3팀,257,4.0,N,카드 부정사용 의심 거래 신고. 즉시 정지 처리.
CL300632,2025-04-20,14:49:13,이메일,기타,1팀,58,5.0,N,공인인증서 갱신 방법 문의.
CL300507,2025-05-21,10:43:36,전화,민원,2팀,588,3.0,N,상담 연결이 너무 오래 걸린다고 강하게 항의.
CL300694,2025-05-31,10:41:55,앱문의,사기/보이스피싱,야간팀,782,3.0,Y,"사기 피해 발생, 피해구제 절차 안내"
CL300296,2025-06-01,04:48:06,전화,이체,2팀,289,4.0,N,이체 한도 상향 요청. 본인확인 후 처리.
CL300150,2025-06-19,07:54:35,전화,사기/보이스피싱,2팀,320,4.0,N,보이스피싱 의심 거래 신고. 계좌 지급정지 안내.
CL300677,2025-03-16,04:07:53,이메일,카드,야간팀,334,4.0,N,할부 전환 신청 접수함.
CL301094,2025-09-22,14:04:27,챗봇,예금,야간팀,131,5.0,N,"예금 이자 지급일 문의, 확인 후 안내"
CL300327,2025-10-27,09:11:35,전화,카드,야간팀,193,5.0,N,"카드 연회비 환불 요청, 규정상 불가 안내"
CL300769,2025-04-18,09:19:30,전화,대출,1팀,393,4.0,N,햇살론 신청 자격 문의함
CL300300,2025-09-25,11:19:05,전화,예금,3팀,287,4.0,N,적금 금리 우대조건 안내함
CL300607,2025-01-01,11:11:04,이메일,card,3팀,243,4.0,N,해외결제 승인 거절 원인 문의. 한도 초과로 확인.
CL300733,2025-09-22,18:20:52,이메일,카드,2팀,190,4.0,N,할부 전환 신청 접수함.
CL300102,2025-04-11,10:00:19,전화,이체,2팀,160,4.0,N,"타행 이체가 안 된다고 문의, 수취계좌 오류 안내"
CL300323,2025-08-06,01:03:26,챗봇,민원,1팀,502,2.0,N,직원 응대가 불친절했다며 민원 제기. 사과 및 재발방지 약속.
CL300699,2025-05-10,,,민원,1팀,454,,N,
CL301125,2025-10-21,16:35:42,챗봇,카드,3팀,354,4.0,N,해외결제 승인 거절 원인 문의. 한도 초과로 확인.
CL300313,2025-09-26,17:51:19,전화,대출,야간팀,606,5.0,N,"중도상환수수료 문의, 상환 절차 안내"
CL300832,2025-05-08,15:31:21,앱문의,이체,2팀,123,3.0,N,이체 수수료 문의함.
CL301147,2025-01-19,15:11:01,챗봇,예금,야간팀,75,4.0,N,비대면 계좌개설 절차 문의.
CL300620,2025-03-01,15:45:12,이메일,사기/보이스피싱,2팀,434,,N,
CL300441,2025-02-14,01:13:35,전화,대출,3팀,244,4.0,N,햇살론 신청 자격 문의함
CL300321,2025-06-13,16:55:39,챗봇,예금,1팀,259,4.0,N,정기예금 만기 해지 문의.
CL300191,2025-07-12,11:46:35,앱문의,예금,3팀,179,5.0,N,"예금 이자 지급일 문의, 확인 후 안내"
CL300382,2025-04-07,11:29:36,전화,예금,3팀,401,4.0,N,비대면 계좌개설 절차 문의.
CL301104,2025-12-31,10:56:53,이메일,카드,야간팀,290,3.0,N,해외결제 승인 거절 원인 문의. 한도 초과로 확인.
CL300735,2025-07-18,09:50:39,앱문의,카드,야간팀,112,5.0,N,할부 전환 신청 접수함.
CL300899,2025-09-02,09:10:37,챗봇,예금,1팀,70568,4.0,N,정기예금 만기 해지 문의.
CL300252,2025-07-03,11:58:07,챗봇,대출,1팀,312,5.0,N,대출 실행이 지연된다며 불만 접수. 심사 진행상황 확인 후 회신 약속.
CL300232,2025-10-23,02:04:07,전화,카드,2팀,702,4.0,N,카드 분실 신고 및 재발급 접수.
CL301059,2025-05-25,00:51:58,챗봇,카드,2팀,137,4.0,N,카드 분실 신고 및 재발급 접수.
CL300439,2025-06-22,04:30:25,전화,카드,2팀,97,4.0,N,카드 분실 신고 및 재발급 접수.
CL300142,2025-08-21,10:47:01,이메일,대출,3팀,184,5.0,N,대출 실행이 지연된다며 불만 접수. 심사 진행상황 확인 후 회신 약속.
CL300969,2025-08-06,10:29:08,전화,예금,1팀,318,4.0,N,비대면 계좌개설 절차 문의.
CL301271,2025-08-26,15:27:37,챗봇,대출,2팀,865,3.0,N,소액대출 한도 문의. 신용등급 확인 안내함.
CL300803,2025-08-07,16:05:18,앱문의,기타,1팀,87,4.0,N,영업점 위치·운영시간 안내함
CL300718,2025-10-24,05:02:42,앱문의,이체,1팀,71,5.0,N,"타행 이체가 안 된다고 문의, 수취계좌 오류 안내"
CL300608,2025-09-12,09:42:14,앱문의,이체,2팀,96,5.0,N,이체 한도 상향 요청. 본인확인 후 처리.
CL301095,2025-10-31,10:25:09,앱문의,예금,2팀,309,3.0,N,정기예금 만기 해지 문의.
CL300263,2025-04-19,13:42:43,전화,대출,1팀,830,4.0,N,햇살론 신청 자격 문의함
CL300149,2025-01-28,11:43:23,전화,이체,3팀,126,5.0,N,예약이체 설정 방법 안내.
CL301114,2025-04-08,10:18:20,전화,대출,1팀,450,4.0,N,대출 금리가 너무 높다고 항의. 금리 산정 기준 설명.
CL300291,2025-03-20,10:37:14,앱문의,예금,야간팀,169,4.0,N,"예금 이자 지급일 문의, 확인 후 안내"
CL300453,2025-08-03,15:44:22,전화,대출,2팀,259,3.0,N,햇살론 신청 자격 문의함
CL300328,2025-11-19,14:39:39,전화,이체,야간팀,86,4.0,N,"타행 이체가 안 된다고 문의, 수취계좌 오류 안내"
CL300823,2025-10-16,05:22:33,앱문의,민원,3팀,906,1.0,N,직원 응대가 불친절했다며 민원 제기. 사과 및 재발방지 약속.
CL300931,2025-11-23,16:08:54,이메일,대출,3팀,331,5.0,N,햇살론 신청 자격 문의함
CL301128,2025-01-06,09:33:53,전화,카드,야간팀,178,5.0,N,카드 부정사용 의심 거래 신고. 즉시 정지 처리.
CL300253,2025-09-25,17:21:57,전화,민원,1팀,410,2.0,N,앱 오류로 거래가 안 된다고 불만. 기술팀 이관.
CL300993,2025-05-16,15:50:50,전화,예금,1팀,123,4.0,N,정기예금 만기 해지 문의.
CL300791,2025-07-07,15:49:41,전화,예금,야간팀,337,,Y,
CL300649,2025-06-21,17:37:34,전화,카드,2팀,430,4.0,N,할부 전환 신청 접수함.
CL300648,2025-08-07,16:45:08,전화,대출,야간팀,624,4.0,N,대출 실행이 지연된다며 불만 접수. 심사 진행상황 확인 후 회신 약속.
CL300641,2025-09-21,20:41:34,전화,사기/보이스피싱,3팀,277,4.0,N,모르는 출금 발생했다며 신고. 이상거래 확인 진행.
CL300259,2025-09-18,14:04:06,챗봇,기타,1팀,82,5.0,N,비밀번호 초기화 요청.
CL300597,2025-06-11,10:56:12,전화,사기/보이스피싱,야간팀,682,3.0,N,모르는 출금 발생했다며 신고. 이상거래 확인 진행.
CL300986,2025-12-21,16:54:10,이메일,이체,3팀,55072,4.0,N,이체 수수료 문의함.
CL300184,2025-08-28,17:00:13,앱문의,card,2팀,137,5.0,N,카드 부정사용 의심 거래 신고. 즉시 정지 처리.
CL300295,2025-12-31,15:49:27,전화,이체,3팀,153,5.0,N,이체 한도 상향 요청. 본인확인 후 처리.
CL300868,2025-08-26,19:22:23,전화,loan,3팀,253,4.0,N,햇살론 신청 자격 문의함
CL300792,2025-04-01,14:21:00,챗봇,예금,3팀,372,3.0,N,"예금 이자 지급일 문의, 확인 후 안내"
CL300420,2025-08-13,00:26:03,앱문의,기타,3팀,187,5.0,N,비밀번호 초기화 요청.
CL300461,2025-05-31,11:11:39,챗봇,대출,3팀,205,4.0,N,대출 실행이 지연된다며 불만 접수. 심사 진행상황 확인 후 회신 약속.
CL301096,2025-06-26,00:04:24,전화,민원,야간팀,465,3.0,N,상담 연결이 너무 오래 걸린다고 강하게 항의.
CL300566,2025-08-03,19:02:43,앱문의,민원,1팀,268,3.0,N,상담 연결이 너무 오래 걸린다고 강하게 항의.
CL300011,2025-05-11,10:05:31,앱문의,대출,야간팀,228,5.0,N,대출 금리가 너무 높다고 항의. 금리 산정 기준 설명.
CL300002,2025-07-26,16:08:06,앱문의,카드,야간팀,300,3.0,N,"카드 연회비 환불 요청, 규정상 불가 안내"
CL300463,2025-02-03,14:50:04,전화,이체,2팀,172,5.0,N,"타행 이체가 안 된다고 문의, 수취계좌 오류 안내"
CL300702,2025-07-14,17:58:50,전화,사기/보이스피싱,3팀,943,4.0,N,보이스피싱 의심 거래 신고. 계좌 지급정지 안내.
CL300096,2025-06-04,10:54:13,전화,이체,3팀,94,5.0,N,이체 한도 상향 요청. 본인확인 후 처리.
CL300578,2025-05-23,16:08:27,전화,대출,2팀,356,5.0,N,대출 실행이 지연된다며 불만 접수. 심사 진행상황 확인 후 회신 약속.
CL300471,2025-03-15,16:58:30,전화,이체,2팀,224,5.0,N,예약이체 설정 방법 안내.
CL301203,2025-04-18,09:03:00,챗봇,대출,3팀,150,4.0,N,대출 실행이 지연된다며 불만 접수. 심사 진행상황 확인 후 회신 약속.
CL300631,2025-10-07,14:24:14,앱문의,기타,야간팀,146,4.0,N,비밀번호 초기화 요청.
CL300957,2025-04-06,16:23:51,앱문의,대출,2팀,117,4.0,N,대출 실행이 지연된다며 불만 접수. 심사 진행상황 확인 후 회신 약속.
CL300701,2025-04-23,16:57:14,전화,대출,1팀,143,4.0,N,햇살론 신청 자격 문의함
CL300026,2025-06-11,16:39:30,전화,카드,2팀,118,5.0,N,할부 전환 신청 접수함.
CL301151,2025-02-13,09:30:25,이메일,카드,3팀,1266,1.0,N,카드 부정사용 의심 거래 신고. 즉시 정지 처리.
CL300080,2025-10-19,15:16:44,전화,카드,3팀,236,4.0,N,카드 분실 신고 및 재발급 접수.
CL301045,2025-08-07,09:27:43,이메일,기타,3팀,51,4.0,N,영업점 위치·운영시간 안내함
CL301225,2025-09-24,04:48:25,챗봇,기타,1팀,189,5.0,N,비밀번호 초기화 요청.
CL301217,2025-06-29,00:23:34,,대출,3팀,275,,N,
CL300574,2025-01-01,03:35:29,앱문의,대출,야간팀,241,4.0,N,소액대출 한도 문의. 신용등급 확인 안내함.
CL301087,2025-05-09,06:43:17,전화,사기/보이스피싱,1팀,581,3.0,N,"사기 피해 발생, 피해구제 절차 안내"
CL300688,2025-08-01,17:35:44,전화,이체,3팀,159,4.0,N,이체 한도 상향 요청. 본인확인 후 처리.
CL300336,2025-08-03,00:38:11,챗봇,카드,야간팀,274,4.0,N,할부 전환 신청 접수함.
CL300163,2025-06-18,01:45:51,전화,카드,1팀,173,5.0,N,카드 분실 신고 및 재발급 접수.
CL300709,2025-05-28,11:43:29,전화,사기/보이스피싱,2팀,1457,2.0,N,"사기 피해 발생, 피해구제 절차 안내"
CL300419,2025-03-11,15:44:42,챗봇,이체,3팀,132,4.0,N,이체 수수료 문의함.
CL300066,2025-04-08,13:58:55,전화, 이체,2팀,342,4.0,N,이체 한도 상향 요청. 본인확인 후 처리.
CL300074,2025-10-09,15:47:44,이메일,카드상담,야간팀,288,4.0,N,해외결제 승인 거절 원인 문의. 한도 초과로 확인.
CL300168,2025-05-14,16:44:14,앱문의,대출,1팀,440,3.0,N,햇살론 신청 자격 문의함
CL301231,2025-10-29,16:10:20,전화,카드,3팀,320,5.0,N,해외결제 승인 거절 원인 문의. 한도 초과로 확인.
CL300362,2025-08-11,09:01:42,전화,기타,3팀,172,4.0,N,"기타 단순 문의, 안내 후 종료"
CL300717,2025-06-12,14:34:20,이메일,민원,야간팀,770,2.0,N,앱 오류로 거래가 안 된다고 불만. 기술팀 이관.
CL301140,2025-06-12,10:55:05,전화,이체,야간팀,67,5.0,N,이체 수수료 문의함.
CL300201,2025-06-01,16:34:45,전화,사기/보이스피싱,3팀,230,5.0,N,모르는 출금 발생했다며 신고. 이상거래 확인 진행.
CL300561,2025-05-24,15:48:08,전화,카드,2팀,544,3.0,Y,"카드 연회비 환불 요청, 규정상 불가 안내"
CL300675,2025-05-22,10:46:58,앱문의,기타,3팀,70,5.0,Y,"기타 단순 문의, 안내 후 종료"
CL301209,2025-10-02,22:49:18,앱문의,예금,야간팀,173,5.0,N,"예금 이자 지급일 문의, 확인 후 안내"
CL300510,2025-09-20,15:52:04,전화,대출,3팀,558,3.0,N,햇살론 신청 자격 문의함
CL300006,2025-08-14,15:37:51,이메일,이체,야간팀,296,5.0,N,"타행 이체가 안 된다고 문의, 수취계좌 오류 안내"
CL300028,2025-09-21,14:45:39,이메일,대출,야간팀,857,2.0,N,"중도상환수수료 문의, 상환 절차 안내"
CL300497,2025-08-17,09:35:35,앱문의,민원,3팀,348,3.0,Y,직원 응대가 불친절했다며 민원 제기. 사과 및 재발방지 약속.
CL300472,2025-07-07,09:16:47,전화,카드,3팀,134,4.0,N,해외결제 승인 거절 원인 문의. 한도 초과로 확인.
CL300430,2025-06-11,09:18:20,챗봇,대출,3팀,287,5.0,N,대출 실행이 지연된다며 불만 접수. 심사 진행상황 확인 후 회신 약속.
CL301099,2025-01-01,16:39:27,전화,대출,1팀,694,4.0,N,"중도상환수수료 문의, 상환 절차 안내"
CL300502,2025-07-28,14:56:25,전화,예금,1팀,193,4.0,N,비대면 계좌개설 절차 문의.
CL301091,2025-02-09,10:09:16,챗봇,사기/보이스피싱,야간팀,235,,N,"사기 피해 발생, 피해구제 절차 안내"
CL300294,2025-01-11,13:31:27,전화,이체,2팀,162,5.0,N,이체 수수료 문의함.
CL300516,2025-08-26,09:17:35,전화,카드,야간팀,247,5.0,N,카드 분실 신고 및 재발급 접수.
CL300762,2025-06-04,14:41:50,전화,이체,1팀,67,5.0,N,예약이체 설정 방법 안내.
CL300065,2025-02-19,22:54:56,전화,loan,3팀,199,4.0,N,"중도상환수수료 문의, 상환 절차 안내"
CL300989,2025-04-11,10:42:22,전화, 이체,3팀,159,5.0,Y,이체 한도 상향 요청. 본인확인 후 처리.
CL300057,2025-05-20,14:54:43,챗봇,민원,2팀,865,2.0,N,직원 응대가 불친절했다며 민원 제기. 사과 및 재발방지 약속.
CL300933,2025-01-23,11:30:16,전화,카드,1팀,616,2.0,N,카드 부정사용 의심 거래 신고. 즉시 정지 처리.
CL300012,2025-01-07,11:41:57,이메일,민원,야간팀,717,2.0,N,상담 연결이 너무 오래 걸린다고 강하게 항의.
CL300865,2025-02-08,15:52:30,전화,카드,1팀,406,5.0,N,카드 분실 신고 및 재발급 접수.
CL300271,2025-04-10,22:56:59,전화,카드,2팀,216,5.0,N,할부 전환 신청 접수함.
CL300715,2025-08-11,09:42:26,이메일,카드,2팀,275,4.0,N,해외결제 승인 거절 원인 문의. 한도 초과로 확인.
CL301245,2025-02-25,10:04:37,전화,대출,1팀,172,5.0,N,대출 실행이 지연된다며 불만 접수. 심사 진행상황 확인 후 회신 약속.
CL301150,2025-10-05,17:00:10,전화,대출,1팀,339,3.0,N,대출 실행이 지연된다며 불만 접수. 심사 진행상황 확인 후 회신 약속.
CL301081,2025-07-24,13:13:31,전화,이체,1팀,99,5.0,N,이체 수수료 문의함.
CL301278,2025-10-02,09:33:52,챗봇,기타,2팀,32,5.0,N,"기타 단순 문의, 안내 후 종료"
CL300728,2025-09-15,13:59:13,챗봇,이체,1팀,89,5.0,N,예약이체 설정 방법 안내.
CL301160,2025-03-01,11:25:56,앱문의,예금,야간팀,306,4.0,N,정기예금 만기 해지 문의.
CL300352,2025-11-22,13:04:39,전화,민원,2팀,435,4.0,N,수수료 부과에 대한 반복 민원. 관리자 연결 요청함
CL300414,2025-04-18,09:10:14,전화,대출,1팀,415,4.0,N,소액대출 한도 문의. 신용등급 확인 안내함.
CL300122,2025-07-27,17:51:20,전화,card,3팀,202,5.0,N,카드 분실 신고 및 재발급 접수.
CL300010,2025-09-08,14:30:23,전화,예금,야간팀,200,3.0,N,"예금 이자 지급일 문의, 확인 후 안내"
CL301082,2025-11-22,11:02:04,챗봇,민원,1팀,405,2.0,N,직원 응대가 불친절했다며 민원 제기. 사과 및 재발방지 약속.
CL300872,2025-09-28,14:08:27,이메일,민원,2팀,271,1.0,N,상담 연결이 너무 오래 걸린다고 강하게 항의.
CL300577,2025-07-08,11:31:45,전화,대출,3팀,300,4.0,N,대출 실행이 지연된다며 불만 접수. 심사 진행상황 확인 후 회신 약속.
CL300425,2025-07-17,11:20:39,전화,대출,야간팀,268,4.0,N,대출 금리가 너무 높다고 항의. 금리 산정 기준 설명.
CL300737,2025-05-21,15:44:45,전화,이체,2팀,172,4.0,N,이체 수수료 문의함.
CL300487,2025-09-07,17:35:42,이메일,민원,야간팀,307,2.0,N,수수료 부과에 대한 반복 민원. 관리자 연결 요청함
CL301195,2025-07-26,16:31:28,전화,민원,3팀,911,2.0,Y,직원 응대가 불친절했다며 민원 제기. 사과 및 재발방지 약속.
CL300723,2025-01-01,10:59:46,,예금,야간팀,100,,N,
CL301136,2025-02-17,03:43:56,전화,기타,1팀,234,3.0,N,"기타 단순 문의, 안내 후 종료"
CL300973,2025-02-06,19:07:49,이메일,기타,1팀,226,,Y,"기타 단순 문의, 안내 후 종료"
CL300337,2025-10-05,10:29:07,챗봇,이체,2팀,124,4.0,N,예약이체 설정 방법 안내.
CL300067,2025-06-07,16:33:39,앱문의,card,1팀,71,5.0,N,카드 분실 신고 및 재발급 접수.
CL301191,2025-08-23,16:04:58,앱문의,이체,3팀,189,4.0,N,이체 수수료 문의함.
CL300686,2025-07-02,,,카드,야간팀,175,,N,
CL300633,2025-08-09,11:22:45,전화,기타,1팀,100,5.0,N,"기타 단순 문의, 안내 후 종료"
CL301181,2025-08-23,14:14:10,전화,카드,2팀,122,5.0,N,해외결제 승인 거절 원인 문의. 한도 초과로 확인.
CL300555,2025-02-10,11:06:19,앱문의,사기/보이스피싱,1팀,768,3.0,N,모르는 출금 발생했다며 신고. 이상거래 확인 진행.
CL301184,2025-06-13,14:03:33,전화,예금,2팀,107,5.0,N,적금 금리 우대조건 안내함
CL300504,2025-09-30,15:24:40,전화,예금,2팀,62,4.0,N,"예금 이자 지급일 문의, 확인 후 안내"
CL300151,2025-07-14,00:48:30,전화,대출,3팀,376,4.0,N,대출 금리가 너무 높다고 항의. 금리 산정 기준 설명.
CL300071,2025-07-02,11:57:27,챗봇,카드,야간팀,129,4.0,N,해외결제 승인 거절 원인 문의. 한도 초과로 확인.
CL300466,2025-04-29,20:50:29,앱문의,대출,3팀,668,4.0,N,"중도상환수수료 문의, 상환 절차 안내"
CL300403,2025-09-30,09:08:06,전화,이체,3팀,69,5.0,N,이체 수수료 문의함.
CL300117,2025-10-02,16:04:15,챗봇,예금,1팀,184,5.0,N,적금 금리 우대조건 안내함
CL300857,2025-09-21,10:00:40,전화,카드,1팀,272,5.0,N,해외결제 승인 거절 원인 문의. 한도 초과로 확인.
CL300492,2025-12-13,13:03:04,챗봇,이체,2팀,359,2.0,N,이체 수수료 문의함.
CL300228,2025-06-18,17:33:09,이메일,민원,2팀,506,1.0,N,상담 연결이 너무 오래 걸린다고 강하게 항의.
CL300397,2025-01-02,11:13:12,전화,이체,2팀,137,5.0,Y,"타행 이체가 안 된다고 문의, 수취계좌 오류 안내"
CL300819,2025-05-01,14:34:20,전화,대출,3팀,325,3.0,N,"중도상환수수료 문의, 상환 절차 안내"
CL300092,2025-08-17,20:32:24,챗봇,이체,3팀,53,5.0,N,이체 한도 상향 요청. 본인확인 후 처리.
CL300297,2025-09-02,09:00:55,챗봇,이체,1팀,84,4.0,Y,이체 수수료 문의함.
CL301263,2025-05-17,05:00:57,앱문의,민원,1팀,465,4.0,N,직원 응대가 불친절했다며 민원 제기. 사과 및 재발방지 약속.
CL300377,2025-10-05,13:18:25,전화,예금,2팀,183,5.0,N,정기예금 만기 해지 문의.
CL300089,2025-01-26,13:50:02,이메일, 이체,1팀,247,4.0,N,예약이체 설정 방법 안내.
CL300777,2025-08-14,17:53:42,챗봇,이체,2팀,57,5.0,N,"타행 이체가 안 된다고 문의, 수취계좌 오류 안내"
CL300290,2025-08-23,16:43:49,전화,이체,야간팀,61,5.0,Y,예약이체 설정 방법 안내.
CL300261,2025-05-09,02:05:33,챗봇,대출,2팀,356,4.0,N,소액대출 한도 문의. 신용등급 확인 안내함.
CL301060,2025-09-14,10:01:22,앱문의,대출,야간팀,925,3.0,N,대출 금리가 너무 높다고 항의. 금리 산정 기준 설명.
CL300557,2025-08-23,07:22:24,전화,카드,3팀,258,5.0,N,할부 전환 신청 접수함.
CL300822,2025-05-29,10:54:28,전화,이체,3팀,292,4.0,N,"타행 이체가 안 된다고 문의, 수취계좌 오류 안내"
CL300317,2025-04-25,16:46:47,앱문의,대출,2팀,194,4.0,N,대출 실행이 지연된다며 불만 접수. 심사 진행상황 확인 후 회신 약속.
CL300781,2025-06-07,16:58:31,이메일,카드,3팀,92,3.0,N,"카드 연회비 환불 요청, 규정상 불가 안내"
CL300867,2025-09-01,19:33:11,챗봇,예금,1팀,196,5.0,N,비대면 계좌개설 절차 문의.
CL301088,2025-05-12,10:16:42,전화,카드,1팀,208,5.0,Y,카드 분실 신고 및 재발급 접수.
CL300402,2025-05-17,16:24:18,이메일,예금,야간팀,245,2.0,Y,정기예금 만기 해지 문의.
CL300767,2025-06-08,14:54:00,챗봇,대출,야간팀,354,4.0,N,대출 실행이 지연된다며 불만 접수. 심사 진행상황 확인 후 회신 약속.
CL300457,2025-04-02,14:59:46,이메일,민원,2팀,541,3.0,N,앱 오류로 거래가 안 된다고 불만. 기술팀 이관.
CL301030,2025-05-30,17:12:37,이메일,대출,야간팀,165,4.0,N,소액대출 한도 문의. 신용등급 확인 안내함.
CL300678,2025-08-02,11:51:03,전화,카드,1팀,569,4.0,N,해외결제 승인 거절 원인 문의. 한도 초과로 확인.
CL300900,2025-07-01,05:50:33,전화,이체,1팀,133,4.0,N,"타행 이체가 안 된다고 문의, 수취계좌 오류 안내"
CL301068,2025-09-15,10:38:57,이메일,대출상담,3팀,269,4.0,N,"중도상환수수료 문의, 상환 절차 안내"
CL300559,2025-09-24,14:01:53,이메일,대출,2팀,296,3.0,N,대출 금리가 너무 높다고 항의. 금리 산정 기준 설명.
CL300625,2025-08-31,13:05:28,앱문의,민원,1팀,569,2.0,N,직원 응대가 불친절했다며 민원 제기. 사과 및 재발방지 약속.
CL301153 ,2025-02-23,16:26:34,챗봇,대 출,야간팀,411,5.0,N,대출 금리가 너무 높다고 항의. 금리 산정 기준 설명.
CL301207,2025-07-05,14:56:28,이메일,기타,1팀,97,5.0,N,"기타 단순 문의, 안내 후 종료"
CL300944,2025-04-13,17:02:16,앱문의,민원,2팀,1277,1.0,N,앱 오류로 거래가 안 된다고 불만. 기술팀 이관.
CL300480,2025-09-26,16:05:35,이메일,이체,1팀,221,5.0,N,예약이체 설정 방법 안내.
CL301056,2025-10-02,11:33:55,전화,기타,야간팀,120,4.0,N,공인인증서 갱신 방법 문의.
CL300591,2025-03-02,14:41:21,앱문의,예금,1팀,106,5.0,N,적금 금리 우대조건 안내함
CL300041,2025-11-12,13:18:43,전화,기타,3팀,173,4.0,N,공인인증서 갱신 방법 문의.
CL300275,2025-11-03,16:05:15,전화,카드,1팀,141,4.0,N,할부 전환 신청 접수함.
CL300850,2025-08-06,11:14:50,전화,예금,야간팀,246,4.0,N,적금 금리 우대조건 안내함
CL300418,2025-05-10,23:27:12,이메일,카드,3팀,159,5.0,N,카드 부정사용 의심 거래 신고. 즉시 정지 처리.
CL301032,2025-06-23,14:23:27,앱문의,사기/보이스피싱,1팀,831,3.0,N,"사기 피해 발생, 피해구제 절차 안내"
CL300125,2025-04-11,10:59:39,전화,대출,2팀,515,4.0,N,"중도상환수수료 문의, 상환 절차 안내"
CL301076,2025-09-16,11:41:22,전화,기타,3팀,133,4.0,N,비밀번호 초기화 요청.
CL300249,2025-04-18,16:59:15,이메일,기타,야간팀,298,5.0,N,영업점 위치·운영시간 안내함
CL300342,2025-08-14,16:06:26,앱문의,대 출,야간팀,220,4.0,N,대출 금리가 너무 높다고 항의. 금리 산정 기준 설명.
CL300587,2025-05-18,09:04:30,이메일,기타,1팀,175,4.0,N,"기타 단순 문의, 안내 후 종료"
CL300249,2025-04-18,16:59:15,이메일,기타,야간팀,298,5.0,N,영업점 위치·운영시간 안내함
CL300645,2025-06-08,04:44:27,챗봇,이체,3팀,85,4.0,N,"타행 이체가 안 된다고 문의, 수취계좌 오류 안내"
CL301016,2025-03-31,18:37:21,전화,민원,1팀,202,3.0,N,상담 연결이 너무 오래 걸린다고 강하게 항의.
CL301084,2025-01-01,14:21:48,챗봇,카드,3팀,191,5.0,N,카드 부정사용 의심 거래 신고. 즉시 정지 처리.
CL300368,2025-06-25,14:57:15,챗봇,카드,3팀,199,5.0,N,카드 부정사용 의심 거래 신고. 즉시 정지 처리.
CL300412,2025-07-10,13:47:33,이메일,카드,1팀,118,5.0,N,"카드 연회비 환불 요청, 규정상 불가 안내"
CL301171,2025-08-11,17:04:22,이메일,이체,2팀,201,3.0,Y,예약이체 설정 방법 안내.
CL301090,2025-07-05,10:23:08,이메일,이체,3팀,184,4.0,N,이체 한도 상향 요청. 본인확인 후 처리.
CL300129,2025-02-21,16:36:22,전화,카드,야간팀,540,4.0,N,"카드 연회비 환불 요청, 규정상 불가 안내"
CL300084,2025-01-21,00:12:02,전화,대출,2팀,375,5.0,Y,햇살론 신청 자격 문의함
CL301253,2025-07-26,,,카드,야간팀,154,,N,
CL300703,2025-06-14,10:01:02,챗봇,예금,3팀,164,5.0,N,적금 금리 우대조건 안내함
CL300091,2025-08-24,17:19:00,챗봇,대출,2팀,236,5.0,N,대출 실행이 지연된다며 불만 접수. 심사 진행상황 확인 후 회신 약속.
CL300762,2025-06-04,14:41:50,전화,이체,1팀,67,5.0,N,예약이체 설정 방법 안내.
CL300572,2025-07-05,03:53:08,전화,카드,2팀,292,4.0,N,"카드 연회비 환불 요청, 규정상 불가 안내"
CL300618,2025-05-14,10:55:52,앱문의,카드,1팀,233,3.0,N,카드 부정사용 의심 거래 신고. 즉시 정지 처리.
CL300771,2025-07-02,14:30:50,이메일,대출,2팀,352,5.0,N,"중도상환수수료 문의, 상환 절차 안내"
CL301198,2025-03-23,16:06:54,챗봇,사기/보이스피싱,3팀,818,3.0,N,모르는 출금 발생했다며 신고. 이상거래 확인 진행.
CL301089,2025-07-08,11:21:00,전화,기타,3팀,351,4.0,N,"기타 단순 문의, 안내 후 종료"
CL301079,2025-06-15,10:57:47,전화,기타,3팀,107,3.0,N,비밀번호 초기화 요청.
CL300695,2025-04-19,22:34:26,전화,민원,2팀,88980,2.0,N,상담 연결이 너무 오래 걸린다고 강하게 항의.
CL300585,2025-05-27,15:16:56,챗봇,송금,야간팀,230,4.0,N,이체 한도 상향 요청. 본인확인 후 처리.
CL300749,2025-02-14,07:59:44,전화,이체,2팀,150,5.0,N,"타행 이체가 안 된다고 문의, 수취계좌 오류 안내"
CL300995,2025-07-06,09:06:14,전화,대출,1팀,568,3.0,N,"중도상환수수료 문의, 상환 절차 안내"
CL301072,2025-04-15,10:20:41,전화,예금,1팀,203,4.0,N,적금 금리 우대조건 안내함
CL300477,2025-06-11,14:48:10,전화,카드,야간팀,311,4.0,Y,카드 부정사용 의심 거래 신고. 즉시 정지 처리.
CL300366,2025-01-05,13:25:47,전화,예금,2팀,536,4.0,N,비대면 계좌개설 절차 문의.
CL300386,2025-07-29,16:32:27,앱문의,이체,야간팀,112,5.0,N,이체 수수료 문의함.
CL300121,2025-07-07,16:40:03,전화,이체,2팀,155,4.0,N,이체 수수료 문의함.
CL300444,2025-05-04,14:51:18,전화,이체,야간팀,164,4.0,N,예약이체 설정 방법 안내.
CL301135,2025-04-08,10:27:31,전화,민원,야간팀,418,2.0,N,수수료 부과에 대한 반복 민원. 관리자 연결 요청함
CL300879,2025-01-14,15:39:15,전화,카드,3팀,514,4.0,N,카드 부정사용 의심 거래 신고. 즉시 정지 처리.
CL300605,2025-07-07,11:46:15,전화,예금,3팀,119,5.0,N,"예금 이자 지급일 문의, 확인 후 안내"
CL300552,2025-04-11,17:02:59,챗봇,대출,3팀,287,4.0,N,"중도상환수수료 문의, 상환 절차 안내"
CL301097,2025-04-04,10:23:24,전화, 이체,2팀,149,4.0,N,이체 한도 상향 요청. 본인확인 후 처리.
CL300598,2025-06-14,15:32:48,앱문의,카드,1팀,456,5.0,N,해외결제 승인 거절 원인 문의. 한도 초과로 확인.
CL300893,2025-02-26,10:30:42,이메일,송금,야간팀,178,4.0,N,"타행 이체가 안 된다고 문의, 수취계좌 오류 안내"
CL300283,2025-07-07,16:19:25,전화,카드,야간팀,123,5.0,N,카드 부정사용 의심 거래 신고. 즉시 정지 처리.
CL301022,2025-03-31,13:02:31,전화,민원,3팀,257,4.0,N,수수료 부과에 대한 반복 민원. 관리자 연결 요청함
CL300311,2025-08-01,10:43:43,챗봇,이체,2팀,223,4.0,N,예약이체 설정 방법 안내.
CL300919,2025-07-04,14:28:33,앱문의,예금,3팀,342,2.0,N,정기예금 만기 해지 문의.
CL301262,2025-04-03,14:53:07,챗봇,카드,1팀,252,4.0,N,카드 부정사용 의심 거래 신고. 즉시 정지 처리.
CL300329,2025-04-20,10:09:30,이메일,카드,1팀,141,4.0,N,할부 전환 신청 접수함.
CL300581,2025-03-03,11:04:42,전화,대출,1팀,146,5.0,N,햇살론 신청 자격 문의함
CL300021,2025-07-23,07:49:31,전화,기타,1팀,70,4.0,N,영업점 위치·운영시간 안내함
CL300730,2025-05-01,10:17:42,이메일,기타,2팀,229,3.0,N,영업점 위치·운영시간 안내함
CL301058,2025-03-31,10:44:52,전화,loan,2팀,414,4.0,N,햇살론 신청 자격 문의함
CL300340,2025-07-13,16:21:11,이메일,card,야간팀,235,4.0,N,카드 분실 신고 및 재발급 접수.
CL300111,2025-07-21,10:11:20,전화,카드,야간팀,192,5.0,N,"카드 연회비 환불 요청, 규정상 불가 안내"
CL300370,2025-01-01,11:12:34,앱문의,이체,1팀,350,4.0,N,"타행 이체가 안 된다고 문의, 수취계좌 오류 안내"
CL300220,2025-03-23,10:31:12,앱문의,이체,1팀,207,4.0,N,이체 수수료 문의함.
CL300069,2025-02-25,16:50:46,앱문의,카드,1팀,303,4.0,N,할부 전환 신청 접수함.
CL300871,2025-10-22,16:17:13,전화,대출,야간팀,351,3.0,N,"중도상환수수료 문의, 상환 절차 안내"
CL300929,2025-06-21,10:03:13,전화,기타,3팀,159,4.0,N,공인인증서 갱신 방법 문의.
CL301108,2025-08-10,15:23:37,앱문의,사기/보이스피싱,야간팀,554,3.0,N,보이스피싱 의심 거래 신고. 계좌 지급정지 안내.
CL300622,2025-06-23,21:33:36,챗봇,예금,1팀,183,4.0,N,정기예금 만기 해지 문의.
CL301206,2025-11-27,16:55:19,전화,대출,1팀,116,4.0,N,"중도상환수수료 문의, 상환 절차 안내"
CL300023,2025-12-31,15:32:59,전화,대출,3팀,409,3.0,N,"중도상환수수료 문의, 상환 절차 안내"
CL300909,2025-08-25,09:07:42,전화,기타,1팀,468,2.0,N,비밀번호 초기화 요청.
CL300773,2025-05-16,16:03:11,앱문의,사기/보이스피싱,2팀,556,,N,"사기 피해 발생, 피해구제 절차 안내"
CL300037,2025-12-31,10:01:25,챗봇,대출,야간팀,150,5.0,N,대출 실행이 지연된다며 불만 접수. 심사 진행상황 확인 후 회신 약속.
CL300270,2025-01-01,14:35:45,이메일,대출,2팀,368,5.0,N,햇살론 신청 자격 문의함
CL301272,2025-08-26,15:13:23,이메일,대출,3팀,169,4.0,N,햇살론 신청 자격 문의함
CL300070,2025-06-06,14:59:53,앱문의,이체,3팀,260,3.0,N,이체 수수료 문의함.
CL300600,2025-10-19,07:14:37,전화,이체,3팀,116,5.0,N,예약이체 설정 방법 안내.
CL300211,2025-01-01,14:26:58,이메일,기타,3팀,86,5.0,N,"기타 단순 문의, 안내 후 종료"
CL300802,2025-10-20,09:19:37,전화,카드,야간팀,169,4.0,N,카드 분실 신고 및 재발급 접수.
CL300020,2025-01-01,16:07:25,이메일,예금,1팀,306,3.0,N,"예금 이자 지급일 문의, 확인 후 안내"
CL300494 ,2025-01-01,14:50:50,전화,이체,1팀,233,5.0,N,이체 수수료 문의함.
CL300361,2025-11-02,13:57:32,전화,카드,야간팀,97,3.0,N,할부 전환 신청 접수함.
CL300008,2025-10-06,19:57:49,전화,카드,1팀,170,4.0,N,해외결제 승인 거절 원인 문의. 한도 초과로 확인.
CL300061,2025-01-01,15:04:16,전화,기타,1팀,71,4.0,N,비밀번호 초기화 요청.
CL300094,2025-07-31,16:49:52,전화,카드,야간팀,180,3.0,N,해외결제 승인 거절 원인 문의. 한도 초과로 확인.
CL300969,2025-08-06,10:29:08,전화,예금,1팀,318,4.0,N,비대면 계좌개설 절차 문의.
CL300273,2025-06-10,04:24:02,이메일,카드,3팀,384,5.0,N,카드 분실 신고 및 재발급 접수.
CL300930,2025-12-31,16:20:05,전화,기타,1팀,144,4.0,N,영업점 위치·운영시간 안내함
CL300035,2025-04-30,16:35:29,전화,예금,1팀,234,4.0,N,"예금 이자 지급일 문의, 확인 후 안내"
CL301131,2025-10-23,16:37:25,전화,대출,2팀,259,3.0,Y,대출 실행이 지연된다며 불만 접수. 심사 진행상황 확인 후 회신 약속.
CL300898 ,2025-10-18,08:59:03,전화,민원,야간팀,392,3.0,Y,수수료 부과에 대한 반복 민원. 관리자 연결 요청함
CL300305,2025-01-01,14:09:56,챗봇,카드,야간팀,159,5.0,N,카드 부정사용 의심 거래 신고. 즉시 정지 처리.
CL300133,2025-05-15,14:16:18,전화,카드,1팀,240,3.0,N,할부 전환 신청 접수함.
CL300309,2025-10-24,13:17:41,앱문의,카드,3팀,256,4.0,N,"카드 연회비 환불 요청, 규정상 불가 안내"
CL300533,2025-07-20,16:29:28,앱문의,대출,2팀,202,4.0,N,햇살론 신청 자격 문의함
CL300072,2025-07-27,11:55:16,전화,민원,2팀,273,5.0,N,상담 연결이 너무 오래 걸린다고 강하게 항의.
CL300408,2025-05-13,11:37:26,챗봇,대출,야간팀,192,3.0,N,"중도상환수수료 문의, 상환 절차 안내"
CL300200,2025-02-28,14:15:21,앱문의,대출,1팀,231,5.0,N,소액대출 한도 문의. 신용등급 확인 안내함.
CL300180,2025-06-13,11:33:36,전화,이체,야간팀,124,4.0,N,"타행 이체가 안 된다고 문의, 수취계좌 오류 안내"
CL300306,2025-05-14,16:58:10,이메일,card,3팀,340,3.0,Y,해외결제 승인 거절 원인 문의. 한도 초과로 확인.
CL300795,2025-07-31,16:16:58,챗봇,예금,2팀,117,5.0,N,적금 금리 우대조건 안내함
CL300501,2025-05-03,13:45:03,전화,card,3팀,138,5.0,N,카드 분실 신고 및 재발급 접수.
CL301214,2025-08-23,11:52:48,앱문의,카드,3팀,137,5.0,N,카드 부정사용 의심 거래 신고. 즉시 정지 처리.
CL300815,2025-07-25,06:21:18,챗봇,대출,1팀,118,3.0,N,대출 실행이 지연된다며 불만 접수. 심사 진행상황 확인 후 회신 약속.
CL300022,2025-03-22,09:49:12,전화,민원,3팀,345,2.0,N,직원 응대가 불친절했다며 민원 제기. 사과 및 재발방지 약속.
CL301036,2025-07-09,15:01:18,전화,카드,2팀,95,5.0,Y,카드 분실 신고 및 재발급 접수.
CL300965,2025-06-04,14:48:55,챗봇,대출,야간팀,288,5.0,N,대출 실행이 지연된다며 불만 접수. 심사 진행상황 확인 후 회신 약속.
CL300095,2025-09-11,16:35:35,전화,예금,야간팀,167,5.0,N,"예금 이자 지급일 문의, 확인 후 안내"
CL300110,2025-03-06,10:18:51,챗봇,예금,3팀,118,5.0,N,"예금 이자 지급일 문의, 확인 후 안내"
CL300422,2025-04-21,14:47:56,전화,카드,1팀,785,3.0,N,할부 전환 신청 접수함.
CL300098,2025-06-02,16:20:43,전화,민원,3팀,753,3.0,N,직원 응대가 불친절했다며 민원 제기. 사과 및 재발방지 약속.
CL300906,2025-08-20,16:32:50,전화,대출,야간팀,348,5.0,N,대출 금리가 너무 높다고 항의. 금리 산정 기준 설명.
CL300105,2025-09-08,16:43:42,전화,대출,2팀,353,4.0,Y,햇살론 신청 자격 문의함
CL300756,2025-01-01,11:29:58,이메일,송금,1팀,173,4.0,N,예약이체 설정 방법 안내.
CL300782,2025-04-04,10:45:26,전화,기타,3팀,49,4.0,N,공인인증서 갱신 방법 문의.
CL300828,2025-09-24,16:17:13,이메일,카드,야간팀,149,5.0,N,"카드 연회비 환불 요청, 규정상 불가 안내"
CL300349,2025-07-15,16:14:32,전화,대출,1팀,372,5.0,N,대출 금리가 너무 높다고 항의. 금리 산정 기준 설명.
CL301080,2025-04-18,22:13:06,전화,카드,야간팀,123,5.0,N,"카드 연회비 환불 요청, 규정상 불가 안내"
CL300889,2025-04-26,14:11:43,전화,예금,2팀,154,4.0,N,정기예금 만기 해지 문의.
CL300064,2025-03-10,09:00:25,앱문의,사기/보이스피싱,3팀,732,4.0,N,"사기 피해 발생, 피해구제 절차 안내"
CL300389,2025-04-14,16:14:51,이메일,기타,야간팀,268,3.0,N,영업점 위치·운영시간 안내함
CL301017,2025-10-29,16:20:11,이메일,대출,1팀,507,3.0,N,햇살론 신청 자격 문의함
CL300966,2025-04-08,08:51:52,앱문의,이체,2팀,385,5.0,N,예약이체 설정 방법 안내.
CL300210,2025-01-01,16:03:03,챗봇,대출,2팀,429,3.0,N,대출 실행이 지연된다며 불만 접수. 심사 진행상황 확인 후 회신 약속.
CL300464,2025-08-06,16:57:25,전화,card,야간팀,56415,4.0,N,할부 전환 신청 접수함.
CL300964,2025-12-31,10:04:08,전화,예금,2팀,147,4.0,N,비대면 계좌개설 절차 문의.
CL301039,2025-05-25,10:43:33,전화,대출,야간팀,180,,N,대출 실행이 지연된다며 불만 접수. 심사 진행상황 확인 후 회신 약속.
CL300882,2025-10-26,16:18:55,전화,민원,1팀,324,4.0,N,수수료 부과에 대한 반복 민원. 관리자 연결 요청함
CL301159,2025-04-09,07:22:35,이메일,이체,3팀,108,4.0,N,이체 한도 상향 요청. 본인확인 후 처리.
CL301061,2025-02-03,20:08:22,전화,예금,1팀,186,4.0,N,"예금 이자 지급일 문의, 확인 후 안내"
CL300776,2025-08-28,10:06:45,챗봇,예금,2팀,153,4.0,N,적금 금리 우대조건 안내함
CL300532,2025-06-13,23:29:04,이메일,대출,1팀,267,4.0,N,대출 금리가 너무 높다고 항의. 금리 산정 기준 설명.
CL300858,2025-01-01,08:38:26,챗봇,카드,3팀,861,3.0,N,카드 부정사용 의심 거래 신고. 즉시 정지 처리.
CL301279,2025-08-27,14:38:42,전화,예금,야간팀,178,4.0,N,정기예금 만기 해지 문의.
CL300698,2025-01-01,14:50:47,전화,대출,3팀,552,2.0,Y,대출 실행이 지연된다며 불만 접수. 심사 진행상황 확인 후 회신 약속.
CL300582,2025-04-27,15:01:30,전화,사기/보이스피싱,야간팀,1242,2.0,N,보이스피싱 의심 거래 신고. 계좌 지급정지 안내.
CL300278,2025-07-30,14:57:32,앱문의,대출,2팀,511,4.0,N,소액대출 한도 문의. 신용등급 확인 안내함.
CL301139,2025-10-05,20:25:48,전화,대출,2팀,167,5.0,N,대출 금리가 너무 높다고 항의. 금리 산정 기준 설명.
CL300043,2025-05-15,16:02:06,앱문의,기타,2팀,106,4.0,N,비밀번호 초기화 요청.
CL300786,2025-03-22,16:11:17,전화,카드,3팀,177,5.0,N,"카드 연회비 환불 요청, 규정상 불가 안내"
CL300912,2025-03-06,06:25:21,챗봇,카드,3팀,121,3.0,N,카드 부정사용 의심 거래 신고. 즉시 정지 처리.
CL300298,2025-12-31,14:57:06,전화,카드,야간팀,477,3.0,N,카드 분실 신고 및 재발급 접수.
CL300459,2025-08-07,11:31:14,앱문의,기타,야간팀,78,5.0,N,영업점 위치·운영시간 안내함
CL300744,2025-10-26,14:11:17,앱문의,이체,3팀,158,4.0,N,예약이체 설정 방법 안내.
CL301220,2025-01-03,15:54:02,전화,사기/보이스피싱,2팀,657,2.0,Y,모르는 출금 발생했다며 신고. 이상거래 확인 진행.
CL300059,2025-10-30,14:00:07,전화,이체,1팀,334,5.0,N,이체 한도 상향 요청. 본인확인 후 처리.
CL301155,2025-12-31,14:54:46,전화,카드,야간팀,689,4.0,N,카드 분실 신고 및 재발급 접수.
CL300679,2025-08-28,10:32:56,앱문의,사기/보이스피싱,야간팀,455,3.0,N,"사기 피해 발생, 피해구제 절차 안내"
CL300167,2025-07-09,16:49:54,앱문의,예금,2팀,286,3.0,N,비대면 계좌개설 절차 문의.
CL300536,2025-05-05,13:47:40,이메일,기타,야간팀,77,3.0,N,"기타 단순 문의, 안내 후 종료"
CL301257,2025-06-24,17:12:33,챗봇,대출,3팀,253,4.0,N,소액대출 한도 문의. 신용등급 확인 안내함.
CL301034,2025-12-18,11:41:16,이메일,민원,3팀,556,2.0,N,상담 연결이 너무 오래 걸린다고 강하게 항의.
CL300784,2025-07-07,11:16:41,이메일,예금,야간팀,103,5.0,N,정기예금 만기 해지 문의.
CL300222,2025-04-19,10:41:41,전화,카드,1팀,342,5.0,N,할부 전환 신청 접수함.
CL300304,2025-04-13,10:12:17,전화,카드,3팀,607,2.0,N,할부 전환 신청 접수함.
CL300157,2025-09-05,02:32:44,앱문의,민원,3팀,914,2.0,Y,직원 응대가 불친절했다며 민원 제기. 사과 및 재발방지 약속.
CL300031,2025-08-02,16:28:44,챗봇,민원,3팀,575,2.0,Y,앱 오류로 거래가 안 된다고 불만. 기술팀 이관.
CL300671,2025-04-03,11:06:49,챗봇,대출,야간팀,585,3.0,Y,소액대출 한도 문의. 신용등급 확인 안내함.
CL300710,2025-06-10,11:21:30,챗봇,이체,2팀,217,3.0,N,예약이체 설정 방법 안내.
CL300835,2025-10-01,00:17:30,이메일,이체,2팀,164,4.0,N,"타행 이체가 안 된다고 문의, 수취계좌 오류 안내"
CL300588,2025-06-28,11:42:35,전화,이체,3팀,194,3.0,N,이체 수수료 문의함.
CL300833,2025-12-03,11:23:21,전화,민원,1팀,1082,1.0,N,앱 오류로 거래가 안 된다고 불만. 기술팀 이관.
CL300722,2025-02-04,10:51:29,이메일,기타,야간팀,133,4.0,N,영업점 위치·운영시간 안내함
CL300927,2025-07-16,16:42:42,챗봇,대출,2팀,349,3.0,N,햇살론 신청 자격 문의함
CL300367,2025-08-29,08:17:08,앱문의,카드,1팀,161,5.0,N,카드 부정사용 의심 거래 신고. 즉시 정지 처리.
CL300746,2025-09-16,16:06:33,전화,카드,야간팀,295,4.0,N,할부 전환 신청 접수함.
CL300277,2025-05-20,16:05:14,이메일,카드,1팀,358,3.0,N,카드 부정사용 의심 거래 신고. 즉시 정지 처리.
CL300704,2025-04-07,02:47:27,앱문의,대출,3팀,465,5.0,N,햇살론 신청 자격 문의함
CL300476,2025-02-27,10:27:19,전화,기타,2팀,180,4.0,N,영업점 위치·운영시간 안내함
CL301199,2025-10-10,16:39:19,이메일,카드,야간팀,275,3.0,N,할부 전환 신청 접수함.
CL300651 ,2025-08-27,13:39:52,앱문의,대출,야간팀,356,4.0,N,대출 금리가 너무 높다고 항의. 금리 산정 기준 설명.
CL300529,2025-06-02,11:42:54,챗봇,대출,1팀,377,4.0,N,햇살론 신청 자격 문의함
CL300719,2025-05-20,19:45:49,전화,대출상담,2팀,224,9.0,N,소액대출 한도 문의. 신용등급 확인 안내함.
CL300535,2025-12-31,17:26:16,이메일,대출,2팀,677,3.0,N,햇살론 신청 자격 문의함
CL301021,2025-12-01,11:08:33,전화,카드,3팀,284,4.0,N,카드 부정사용 의심 거래 신고. 즉시 정지 처리.
CL300391,2025-08-01,14:03:53,전화,카드,야간팀,345,4.0,N,할부 전환 신청 접수함.
CL300962,2025-06-07,10:36:24,챗봇,대출,2팀,271,4.0,N,대출 금리가 너무 높다고 항의. 금리 산정 기준 설명.
CL300101,2025-12-31,21:22:24,이메일,대출,2팀,366,3.0,Y,소액대출 한도 문의. 신용등급 확인 안내함.
CL300925,2025-12-20,17:18:19,이메일,민원,3팀,1215,3.0,N,직원 응대가 불친절했다며 민원 제기. 사과 및 재발방지 약속.
CL301269,2025-05-08,15:35:36,이메일,이체,야간팀,187,4.0,N,이체 한도 상향 요청. 본인확인 후 처리.
CL300213,2025-04-25,10:36:19,전화,사기/보이스피싱,1팀,732,3.0,N,모르는 출금 발생했다며 신고. 이상거래 확인 진행.
CL301126,2025-04-13,10:04:05,이메일,대출,2팀,110,4.0,Y,대출 실행이 지연된다며 불만 접수. 심사 진행상황 확인 후 회신 약속.
CL300918,2025-08-02,19:38:17,챗봇,카드,1팀,175,5.0,N,"카드 연회비 환불 요청, 규정상 불가 안내"
CL300258,2025-06-19,06:53:05,전화,card,3팀,122,4.0,N,카드 부정사용 의심 거래 신고. 즉시 정지 처리.
CL301179,2025-05-04,14:46:06,이메일,이체,2팀,205,5.0,N,이체 수수료 문의함.
CL300955,2025-06-09,00:36:10,앱문의,예금,3팀,194,4.0,N,정기예금 만기 해지 문의.
CL300462,2025-05-03,10:04:15,앱문의,카드,3팀,148,4.0,N,할부 전환 신청 접수함.
CL300250,2025-06-23,17:50:42,전화,기타,1팀,110,4.0,N,"기타 단순 문의, 안내 후 종료"
CL300120,2025-08-21,14:53:22,전화,민원,3팀,349,3.0,N,수수료 부과에 대한 반복 민원. 관리자 연결 요청함
CL300029,2025-08-21,15:42:11,전화,예금,2팀,130,5.0,N,비대면 계좌개설 절차 문의.
CL300660,2025-07-14,09:16:15,전화,이체,야간팀,258,4.0,N,이체 수수료 문의함.
CL301173,2025-12-31,15:02:44,전화,기타,2팀,267,5.0,N,비밀번호 초기화 요청.
CL301033,2025-12-22,14:57:43,앱문의,예금,1팀,154,5.0,N,적금 금리 우대조건 안내함
CL300233,2025-02-15,11:18:30,전화,대출,야간팀,348,3.0,N,대출 실행이 지연된다며 불만 접수. 심사 진행상황 확인 후 회신 약속.
CL300576,2025-02-16,16:08:53,이메일,카드,3팀,657,4.0,N,카드 분실 신고 및 재발급 접수.
CL301077,2025-05-09,16:45:45,전화,대출,야간팀,247,3.0,N,"중도상환수수료 문의, 상환 절차 안내"
CL300335,2025-01-03,14:23:45,이메일,대출,1팀,242,4.0,N,소액대출 한도 문의. 신용등급 확인 안내함.
CL301142,2025-10-09,14:23:26,앱문의,대출,2팀,686,4.0,N,소액대출 한도 문의. 신용등급 확인 안내함.
CL300712,2025-10-27,11:55:58,전화,민원,3팀,327,3.0,N,상담 연결이 너무 오래 걸린다고 강하게 항의.
CL300614,2025-10-11,06:38:14,전화,이체,1팀,204,5.0,N,"타행 이체가 안 된다고 문의, 수취계좌 오류 안내"
CL300637,2025-08-22,15:28:27,앱문의,사기/보이스피싱,1팀,399,3.0,Y,"사기 피해 발생, 피해구제 절차 안내"
CL300984,2025-06-07,15:14:09,전화,대출,야간팀,361,3.0,N,소액대출 한도 문의. 신용등급 확인 안내함.
CL300424,2025-05-30,13:59:09,전화,민원,야간팀,416,3.0,N,앱 오류로 거래가 안 된다고 불만. 기술팀 이관.
CL301230,2025-03-06,07:29:11,챗봇,사기/보이스피싱,2팀,747,3.0,N,"사기 피해 발생, 피해구제 절차 안내"
CL301254,2025-12-21,11:47:59,앱문의,대출,3팀,388,3.0,Y,햇살론 신청 자격 문의함
CL300543,2025-09-05,19:18:28,전화,예금,야간팀,119,5.0,N,적금 금리 우대조건 안내함
CL301228,2025-08-30,14:40:48,전화,기타,야간팀,99,5.0,N,영업점 위치·운영시간 안내함
CL300987,2025-10-07,17:27:36,앱문의,예금,3팀,348,5.0,N,정기예금 만기 해지 문의.
CL301260,2025-10-30,10:13:53,전화,대출,2팀,223,4.0,N,"중도상환수수료 문의, 상환 절차 안내"
CL300202,2025-02-24,13:23:05,챗봇,예금,2팀,409,4.0,N,정기예금 만기 해지 문의.
CL300653,2025-12-31,17:29:00,이메일,사기/보이스피싱,2팀,253,3.0,N,모르는 출금 발생했다며 신고. 이상거래 확인 진행.
CL301006,2025-05-02,18:48:10,전화,이체,2팀,141,3.0,Y,이체 한도 상향 요청. 본인확인 후 처리.
CL300526,2025-12-31,10:42:52,전화,대출,2팀,309,5.0,N,"중도상환수수료 문의, 상환 절차 안내"
CL300465,2025-08-18,16:33:04,챗봇,대출,3팀,614,4.0,N,"중도상환수수료 문의, 상환 절차 안내"
CL300901,2025-02-24,13:49:42,전화,기타,2팀,374,4.0,N,비밀번호 초기화 요청.
CL300983,2025-11-16,09:55:54,,기타,1팀,171,,N,
CL300947,2025-12-31,13:46:03,이메일,카드,야간팀,419,,N,카드 분실 신고 및 재발급 접수.
CL300692,2025-06-01,11:02:55,전화,카드,2팀,168,,N,"카드 연회비 환불 요청, 규정상 불가 안내"
CL300302,2025-01-01,11:15:57,앱문의,이체,2팀,182,4.0,N,이체 한도 상향 요청. 본인확인 후 처리.
CL301148,2025-02-25,14:14:27,전화,이체,1팀,281,5.0,N,예약이체 설정 방법 안내내.
CL300874,2025-12-31,16:04:27,전화,이체,야간팀,147,4.0,N,"타행 이체가 안 된다고 문의, 수취계좌 오류 안내"
CL301083,2025-07-04,16:07:20,전화,이체,1팀,163,4.0,N,이체 수수료 문의함.
CL300079,2025-12-21,17:55:51,전화,사기/보이스피싱,야간팀,531,3.0,N,모르는 출금 발생했다며 신고. 이상거래 확인 진행.
CL300788,2025-07-04,14:00:25,전화,민원,1팀,715,2.0,N,앱 오류로 거래가 안 된다고 불만. 기술팀 이관.
CL300139,2025-07-22,14:55:41,전화,카드,1팀,201,5.0,N,"카드 연회비 환불 요청, 규정상 불가 안내"
CL300491,2025-05-17,07:47:37,앱문의,기타,야간팀,69,5.0,N,"기타 단순 문의, 안내 후 종료"
CL300583,2025-07-21,20:12:58,챗봇,카드,3팀,303,4.0,Y,카드 부정사용 의심 거래 신고. 즉시 정지 처리.
CL300132,2025-09-15,14:40:35,전화,대출,3팀,340,4.0,N,소액대출 한도 문의. 신용등급 확인 안내함.
CL300172,2025-06-06,08:51:51,전화,대 출,야간팀,182,3.0,Y,대출 실행이 지연된다며 불만 접수. 심사 진행상황 확인 후 회신 약속.
CL301246,2025-07-08,10:41:43,전화,민원,2팀,457,2.0,Y,상담 연결이 너무 오래 걸린다고 강하게 항의.
CL300727,2025-04-27,20:27:19,챗봇,이체,야간팀,279,4.0,Y,이체 한도 상향 요청. 본인확인 후 처리.
CL300423,2025-07-12,14:30:47,전화,대출,3팀,135,9.0,N,소액대출 한도 문의. 신용등급 확인 안내함.
CL300183,2025-11-05,20:34:13,앱문의,대출,2팀,416,4.0,N,대출 금리가 너무 높다고 항의. 금리 산정 기준 설명.
CL301154,2025-09-30,16:30:58,이메일,이체,3팀,152,4.0,N,예약이체 설정 방법 안내.
CL300240,2025-08-04,16:43:37,앱문의,예금,1팀,108,5.0,N,정기예금 만기 해지 문의.
CL300705,2025-02-05,11:15:27,앱문의,대 출,야간팀,210,5.0,N,햇살론 신청 자격 문의함
CL300907,2025-06-02,23:57:04,이메일,카드,야간팀,137,4.0,N,할부 전환 신청 접수함.
CL301249,2025-08-31,16:17:36,챗봇,민원,3팀,360,2.0,N,수수료 부과에 대한 반복 민원. 관리자 연결 요청함
CL300880,2025-03-09,09:26:52,전화,예금,야간팀,250,4.0,Y,적금 금리 우대조건 안내함
CL301178,2025-05-23,16:28:13,전화,민원,3팀,519,2.0,Y,직원 응대가 불친절했다며 민원 제기. 사과 및 재발방지 약속.
CL300152,2025-04-30,22:32:08,전화,예금,야간팀,235,4.0,N,적금 금리 우대조건 안내함
CL300946,2025-12-03,18:28:57,이메일,카드,3팀,415,4.0,Y,카드 분실 신고 및 재발급 접수.
CL300147,2025-06-17,10:42:27,앱문의,카드,야간팀,76,5.0,N,"카드 연회비 환불 요청, 규정상 불가 안내"
CL300044,2025-07-11,11:00:51,앱문의,카드,3팀,378,4.0,N,카드 부정사용 의심 거래 신고. 즉시 정지 처리.
CL301047,2025-08-16,06:06:06,전화,기타,야간팀,164,4.0,N,"기타 단순 문의, 안내 후 종료"
CL300330,2025-05-14,16:02:16,전화,대출,1팀,597,3.0,N,대출 실행이 지연된다며 불만 접수. 심사 진행상황 확인 후 회신 약속.
CL300967,2025-02-11,16:09:05,이메일,대출,1팀,353,4.0,N,대출 금리가 너무 높다고 항의. 금리 산정 기준 설명.
CL301028,2025-08-06,20:02:27,앱문의,기타,야간팀,72,5.0,N,비밀번호 초기화 요청.
CL300590,2025-07-05,11:52:53,이메일,대출,3팀,294,4.0,N,대출 금리가 너무 높다고 항의. 금리 산정 기준 설명.
CL301211,2025-06-26,10:11:46,전화,대출,1팀,103,4.0,N,대출 금리가 너무 높다고 항의. 금리 산정 기준 설명.
CL301054,2025-05-02,14:43:24,전화,이체,야간팀,78,5.0,N,"타행 이체가 안 된다고 문의, 수취계좌 오류 안내"
CL300824 ,2025-06-25,16:13:47,전화,민원,1팀,357,3.0,N,상담 연결이 너무 오래 걸린다고 강하게 항의.
CL301256,2025-06-14,11:37:17,앱문의,기타,1팀,228,4.0,N,"기타 단순 문의, 안내 후 종료"
CL300314,2025-08-20,15:38:16,전화,민원,1팀,197,3.0,N,수수료 부과에 대한 반복 민원. 관리자 연결 요청함
CL300547,2025-08-28,16:34:10,앱문의,대출,3팀,161,3.0,N,소액대출 한도 문의. 신용등급 확인 안내함.
CL300783,2025-01-15,11:46:35,전화,카드,3팀,379,5.0,N,카드 부정사용 의심 거래 신고. 즉시 정지 처리.
CL301093,2025-10-22,09:16:56,챗봇,이체,3팀,177,3.0,N,예약이체 설정 방법 안내.
CL301189,2025-08-29,11:59:27,앱문의,예금,야간팀,244,,N,비대면 계좌개설 절차 문의.
CL301005,2025-04-07,10:41:56,이메일,기타,야간팀,118,5.0,N,"기타 단순 문의, 안내 후 종료"
CL300395,2025-05-31,16:32:46,전화,민원,2팀,315,2.0,Y,앱 오류로 거래가 안 된다고 불만. 기술팀 이관.
CL300421,2025-08-19,09:44:14,전화,카드,3팀,550,3.0,N,카드 부정사용 의심 거래 신고. 즉시 정지 처리.
CL300638,2025-05-11,17:42:28,이메일,카드,야간팀,256,4.0,N,카드 부정사용 의심 거래 신고. 즉시 정지 처리.
CL300165,2025-08-02,01:50:04,이메일,카드,야간팀,200,4.0,N,"카드 연회비 환불 요청, 규정상 불가 안내"
CL300048,2025-07-17,16:46:19,전화,민원,야간팀,258,1.0,N,앱 오류로 거래가 안 된다고 불만. 기술팀 이관.
CL300164,2025-03-16,14:10:53,이메일,카드,3팀,183,3.0,N,해외결제 승인 거절 원인 문의. 한도 초과로 확인.
CL300489,2025-07-02,14:36:36,앱문의,대출,야간팀,481,4.0,N,대출 금리가 너무 높다고 항의. 금리 산정 기준 설명.
CL300943,2025-05-06,15:37:35,앱문의,대출,3팀,220,3.0,N,"중도상환수수료 문의, 상환 절차 안내"
CL300145,2025-11-19,11:50:39,전화,카드,2팀,40,5.0,N,할부 전환 신청 접수함.
CL300478,2025-10-20,16:23:56,전화,이체,1팀,161,5.0,Y,이체 한도 상향 요청. 본인확인 후 처리.
CL301146,2025-02-15,11:11:51,전화,이체,야간팀,190,4.0,N,"타행 이체가 안 된다고 문의, 수취계좌 오류 안내"
CL300303,2025-12-31,14:08:11,챗봇,예금,1팀,286,4.0,N,정기예금 만기 해지 문의.
CL300189,2025-02-17,14:14:10,앱문의,예금,1팀,157,5.0,N,비대면 계좌개설 절차 문의.
CL300745,2025-06-28,23:04:52,전화,카드상담,1팀,477,5.0,N,카드 분실 신고 및 재발급 접수.
CL300726,2025-08-26,10:21:57,전화,이체,3팀,88,5.0,Y,이체 한도 상향 요청. 본인확인 후 처리.
CL300169,2025-05-09,10:29:37,전화,대출,2팀,174,5.0,N,대출 금리가 너무 높다고 항의. 금리 산정 기준 설명.
CL300212,2025-08-11,11:21:15,전화,이체,야간팀,467,4.0,N,이체 수수료 문의함.
CL300843,2025-06-06,14:29:22,앱문의,기타,2팀,-293,4.0,Y,"기타 단순 문의, 안내 후 종료"
CL301170,2025-06-18,10:08:56,챗봇,카드,1팀,547,3.0,N,카드 분실 신고 및 재발급 접수.
CL300757,2025-10-23,14:09:01,챗봇,예금,3팀,205,5.0,Y,정기예금 만기 해지 문의.
CL300852,2025-09-22,15:15:26,챗봇,카드,야간팀,481,3.0,N,카드 분실 신고 및 재발급 접수.
CL301255,2025-10-21,11:02:20,전화,대출,3팀,225,4.0,N,소액대출 한도 문의. 신용등급 확인 안내함.
CL300883,2025-08-26,00:05:11,앱문의,대출,3팀,420,3.0,N,햇살론 신청 자격 문의함
CL300128,2025-03-19,02:37:38,챗봇,카드,2팀,241,5.0,N,"카드 연회비 환불 요청, 규정상 불가 안내"
CL300047,2025-08-28,11:39:57,챗봇,카드,야간팀,334,4.0,N,카드 분실 신고 및 재발급 접수.
CL300801,2025-06-29,22:35:58,챗봇,민원,3팀,381,3.0,Y,수수료 부과에 대한 반복 민원. 관리자 연결 요청함
CL300519,2025-06-27,16:54:18,챗봇,이체,2팀,339,4.0,N,이체 수수료 문의함.
CL300388,2025-11-30,15:13:21,전화,카드,야간팀,118,5.0,N,카드 부정사용 의심 거래 신고. 즉시 정지 처리.
CL300841,2025-02-17,10:22:38,이메일,대출,3팀,464,5.0,N,대출 금리가 너무 높다고 항의. 금리 산정 기준 설명.
CL300674,2025-07-15,11:37:11,앱문의,카드,1팀,208,5.0,N,카드 부정사용 의심 거래 신고. 즉시 정지 처리.
CL300329,2025-04-20,10:09:30,이메일,카드,1팀,141,4.0,N,할부 전환 신청 접수함.
CL301050,2025-12-22,13:09:11,앱문의,대출,1팀,413,3.0,N,대출 실행이 지연된다며 불만 접수. 심사 진행상황 확인 후 회신 약속.
CL300260,2025-03-14,00:13:11,전화,카드,3팀,184,4.0,N,"카드 연회비 환불 요청, 규정상 불가 안내"
CL300374,2025-08-27,11:47:54,이메일,민원,1팀,185,5.0,N,앱 오류로 거래가 안 된다고 불만. 기술팀 이관.
CL300881,2025-08-13,06:01:08,앱문의,민원,1팀,511,1.0,N,수수료 부과에 대한 반복 민원. 관리자 연결 요청함
CL300193,2025-08-19,17:08:05,앱문의,송금,1팀,-45,5.0,N,예약이체 설정 방법 안내.
CL300766,2025-01-01,11:30:38,챗봇,민원,3팀,410,2.0,N,수수료 부과에 대한 반복 민원. 관리자 연결 요청함
CL301201,2025-10-19,10:09:46,전화,카드,1팀,301,4.0,N,"카드 연회비 환불 요청, 규정상 불가 안내"
CL301248,2025-05-13,13:30:56,이메일,대출,2팀,455,4.0,N,햇살론 신청 자격 문의함
CL300774,2025-08-12,09:37:42,전화,이체,2팀,104,3.0,N,예약이체 설정 방법 안내.
CL300287 ,2025-07-28,10:58:46,전화,이체,1팀,522,2.0,N,예약이체 설정 방법 안내.
CL300948,2025-03-08,13:40:46,앱문의,대출,1팀,217,4.0,N,소액대출 한도 문의. 신용등급 확인 안내함.
CL300753,2025-12-31,14:06:31,전화,예금,3팀,232,4.0,N,"예금 이자 지급일 문의, 확인 후 안내"
CL300248,2025-10-28,09:00:44,챗봇,예금,1팀,132,4.0,N,적금 금리 우대조건 안내함
CL301015,2025-10-24,22:41:10,앱문의,카드,3팀,241,4.0,N,해외결제 승인 거절 원인 문의. 한도 초과로 확인.
CL300166 ,2025-02-28,14:19:34,앱문의,민원,3팀,1056,4.0,N,직원 응대가 불친절했다며 민원 제기. 사과 및 재발방지 약속.
CL301239,2025-05-04,10:08:51,전화,카드,야간팀,495,4.0,N,"카드 연회비 환불 요청, 규정상 불가 안내"
CL301190,2025-07-28,14:54:47,전화,민원,3팀,345,1.0,N,직원 응대가 불친절했다며 민원 제기. 사과 및 재발방지 약속.
CL301069,2025-10-12,09:22:42,이메일,대출,2팀,172,4.0,N,소액대출 한도 문의. 신용등급 확인 안내함.
CL300670,2025-01-30,05:12:52,챗봇,기타,3팀,338,4.0,Y,영업점 위치·운영시간 안내함
CL300916,2025-07-25,14:27:35,챗봇,사기/보이스피싱,2팀,541,3.0,N,"사기 피해 발생, 피해구제 절차 안내"
CL300752,2025-12-31,14:10:16,이메일,대출,3팀,223,5.0,N,햇살론 신청 자격 문의함
CL300400,2025-06-21,16:16:42,이메일,대출,2팀,615,2.0,Y,소액대출 한도 문의. 신용등급 확인 안내함.
CL300173,2025-08-11,23:14:06,전화,카드,야간팀,237,5.0,N,카드 분실 신고 및 재발급 접수.
CL300978,2025-04-26,09:49:45,챗봇,카드,2팀,129,4.0,N,해외결제 승인 거절 원인 문의. 한도 초과로 확인.
CL300450,2025-11-07,16:43:34,전화,대출,야간팀,479,3.0,N,"중도상환수수료 문의, 상환 절차 안내"
CL300333,2025-05-25,05:01:10,전화,예금,야간팀,112,4.0,N,적금 금리 우대조건 안내함
CL300658,2025-08-05,09:53:41,이메일,대출,3팀,232,5.0,N,햇살론 신청 자격 문의함
CL300238,2025-07-15,10:46:56,전화,예금,야간팀,174,4.0,N,적금 금리 우대조건 안내함
CL300406,2025-09-07,10:25:00,이메일,민원,3팀,467,4.0,N,상담 연결이 너무 오래 걸린다고 강하게 항의.
CL300690,2025-08-20,10:08:42,전화,기타,야간팀,199,3.0,N,"기타 단순 문의, 안내 후 종료"
CL300081,2025-04-19,16:44:09,전화,예금,1팀,254,4.0,N,비대면 계좌개설 절차 문의.
CL300924,2025-08-01,10:50:31,앱문의,카드,야간팀,173,4.0,N,"카드 연회비 환불 요청, 규정상 불가 안내"
CL300621,2025-04-13,10:25:10,앱문의,기타,2팀,115,5.0,N,공인인증서 갱신 방법 문의.
CL301176,2025-03-10,16:39:17,앱문의,카드,3팀,175,4.0,N,카드 부정사용 의심 거래 신고. 즉시 정지 처리.
CL300778,2025-02-01,00:18:59,전화,민원,3팀,1145,2.0,Y,상담 연결이 너무 오래 걸린다고 강하게 항의.
CL301218,2025-07-15,10:19:39,챗봇,예금,야간팀,232,2.0,N,비대면 계좌개설 절차 문의.
CL300427,2025-03-22,11:06:32,챗봇,대출,야간팀,223,3.0,N,소액대출 한도 문의. 신용등급 확인 안내함.
CL301120,2025-07-07,10:16:08,이메일,기타,야간팀,96,5.0,N,"기타 단순 문의, 안내 후 종료"
CL301145,2025-08-21,11:44:24,전화,기타,3팀,86,5.0,N,공인인증서 갱신 방법 문의.
CL300442,2025-08-07,15:41:55,챗봇,대출,야간팀,561,3.0,N,대출 실행이 지연된다며 불만 접수. 심사 진행상황 확인 후 회신 약속.
CL300765,2025-10-22,13:34:14,앱문의,이체,1팀,376,3.0,N,이체 수수료 문의함.
CL300077,2025-02-23,10:41:28,앱문의,카드,3팀,385,4.0,N,할부 전환 신청 접수함.
CL300141,2025-05-07,16:27:50,이메일,이체,1팀,171,3.0,N,"타행 이체가 안 된다고 문의, 수취계좌 오류 안내"
CL300829,2025-08-05,16:16:22,앱문의,카드,야간팀,186,4.0,N,카드 부정사용 의심 거래 신고. 즉시 정지 처리.
CL300998,2025-04-02,15:54:04,이메일,예금,1팀,163,4.0,N,적금 금리 우대조건 안내함
CL300264,2025-08-28,15:17:52,전화,민원,3팀,535,1.0,N,직원 응대가 불친절했다며 민원 제기. 사과 및 재발방지 약속.
CL300236,2025-03-11,16:39:13,챗봇,예금,3팀,320,3.0,N,"예금 이자 지급일 문의, 확인 후 안내"
CL300602,2025-02-28,11:02:31,전화,카드,1팀,-87,5.0,N,카드 부정사용 의심 거래 신고. 즉시 정지 처리.
CL301049,2025-01-14,15:05:45,전화,카드,야간팀,222,5.0,N,카드 분실 신고 및 재발급 접수.
CL300553,2025-11-24,16:59:13,전화,대출,1팀,316,3.0,N,대출 실행이 지연된다며 불만 접수. 심사 진행상황 확인 후 회신 약속.
CL300447,2025-07-23,17:48:01,챗봇,예금,2팀,78,5.0,N,비대면 계좌개설 절차 문의.
CL301062,2025-06-08,11:25:09,전화,대출,2팀,351,3.0,N,대출 금리가 너무 높다고 항의. 금리 산정 기준 설명.
CL300454,2025-09-12,14:12:27,챗봇,카드,2팀,468,3.0,N,해외결제 승인 거절 원인 문의. 한도 초과로 확인.
CL301229,2025-04-29,05:34:19,챗봇,기타,3팀,129,4.0,N,영업점 위치·운영시간 안내함
CL300063,2025-05-25,10:18:23,챗봇,민원,3팀,386,3.0,Y,직원 응대가 불친절했다며 민원 제기. 사과 및 재발방지 약속.
CL301242,2025-03-03,14:42:44,앱문의,이체,2팀,113,4.0,N,이체 한도 상향 요청. 본인확인 후 처리.
CL301216,2025-01-17,17:37:03,전화,대출,2팀,395,3.0,N,대출 금리가 너무 높다고 항의. 금리 산정 기준 설명.
CL300654,2025-09-22,10:19:32,앱문의,이체,1팀,167,5.0,N,"타행 이체가 안 된다고 문의, 수취계좌 오류 안내"
CL300241,2025-07-09,17:36:33,앱문의,대출,3팀,570,5.0,N,"중도상환수수료 문의, 상환 절차 안내"
CL300432,2025-06-21,10:50:26,전화,카드,1팀,415,3.0,N,카드 부정사용 의심 거래 신고. 즉시 정지 처리.
CL300076,2025-09-23,13:52:04,이메일,카드,3팀,360,5.0,N,할부 전환 신청 접수함.
CL301074,2025-04-30,14:50:50,전화,대출,1팀,208,4.0,N,대출 실행이 지연된다며 불만 접수. 심사 진행상황 확인 후 회신 약속.
CL300214,2025-08-21,16:25:02,전화,대출,3팀,288,4.0,N,햇살론 신청 자격 문의함
CL300318,2025-05-31,11:07:24,챗봇,대출,야간팀,323,4.0,N,소액대출 한도 문의. 신용등급 확인 안내함.
CL300596,2025-08-11,14:02:20,앱문의,대출,1팀,561,2.0,Y,햇살론 신청 자격 문의함
CL301029 ,2025-01-01,16:00:05,앱문의,카드,야간팀,279,4.0,N,"카드 연회비 환불 요청, 규정상 불가 안내"
CL300524,2025-09-02,16:56:14,챗봇,대출,3팀,540,5.0,N,햇살론 신청 자격 문의함
CL300805,2025-12-23,11:07:41,앱문의,대출,2팀,1155,3.0,N,대출 금리가 너무 높다고 항의. 금리 산정 기준 설명.
CL300523,2025-12-31,11:09:47,전화,이체,3팀,314,3.0,N,이체 수수료 문의함.
CL301134,2025-06-11,14:04:41,앱문의,사기/보이스피싱,1팀,306,9.0,N,"사기 피해 발생, 피해구제 절차 안내"
CL300627,2025-05-13,04:53:09,앱문의,대출,1팀,524,2.0,Y,소액대출 한도 문의. 신용등급 확인 안내함.
CL301137,2025-02-11,00:52:39,챗봇,예금,1팀,412,3.0,N,"예금 이자 지급일 문의, 확인 후 안내"
CL300452,2025-02-11,11:58:50,전화,이체,1팀,334,3.0,N,"타행 이체가 안 된다고 문의, 수취계좌 오류 안내"
CL300170,2025-09-16,,,대출,1팀,362,,N,
CL301122,2025-05-02,16:44:18,전화,이체,1팀,395,5.0,N,"타행 이체가 안 된다고 문의, 수취계좌 오류 안내"
CL300807,2025-10-13,10:21:19,앱문의,카드,야간팀,230,4.0,N,"카드 연회비 환불 요청, 규정상 불가 안내"
CL301157,2025-06-07,14:30:39,이메일,카드,3팀,77,3.0,N,할부 전환 신청 접수함.
CL300646,2025-06-18,14:22:06,챗봇,민원,2팀,535,2.0,N,상담 연결이 너무 오래 걸린다고 강하게 항의.
CL300655,2025-01-01,15:57:31,전화,예금,2팀,198,3.0,Y,"예금 이자 지급일 문의, 확인 후 안내"
CL301109,2025-01-28,07:22:17,전화,민원,1팀,907,3.0,Y,수수료 부과에 대한 반복 민원. 관리자 연결 요청함
CL300383,2025-05-05,16:40:13,이메일,대출,3팀,223,4.0,N,"중도상환수수료 문의, 상환 절차 안내"
CL300112,2025-05-30,15:35:10,앱문의,카드,3팀,151,4.0,N,"카드 연회비 환불 요청, 규정상 불가 안내"
CL301084,2025-01-01,14:21:48,챗봇,카드,3팀,191,5.0,N,카드 부정사용 의심 거래 신고. 즉시 정지 처리.
CL300190,2025-06-15,14:33:12,이메일,대출,야간팀,89,4.0,N,대출 금리가 너무 높다고 항의. 금리 산정 기준 설명.
CL300903,2025-08-16,08:57:58,앱문의,기타,3팀,179,5.0,N,영업점 위치·운영시간 안내함
CL300593,2025-05-23,11:43:16,이메일,예금,1팀,237,5.0,N,정기예금 만기 해지 문의.
CL301241,2025-01-01,09:27:35,전화,기타,2팀,437,3.0,Y,"기타 단순 문의, 안내 후 종료"
CL300959,2025-12-14,10:11:01,전화,이체,야간팀,250,4.0,N,이체 한도 상향 요청. 본인확인 후 처리.
CL301031,2025-12-04,10:50:10,전화,사기/보이스피싱,야간팀,484,3.0,N,"사기 피해 발생, 피해구제 절차 안내"
CL300171,2025-07-11,09:05:57,앱문의,card,야간팀,387,5.0,N,"카드 연회비 환불 요청, 규정상 불가 안내"
CL300611,2025-11-06,02:34:12,전화,loan,야간팀,462,4.0,N,햇살론 신청 자격 문의함
CL300192,2025-05-10,11:27:18,전화, 이체,3팀,182,5.0,N,이체 한도 상향 요청. 본인확인 후 처리.
CL300890,2025-02-22,09:14:57,이메일,대출,야간팀,439,3.0,Y,대출 금리가 너무 높다고 항의. 금리 산정 기준 설명.
CL300988,2025-06-21,21:26:15,전화,민원,1팀,529,1.0,Y,앱 오류로 거래가 안 된다고 불만. 기술팀 이관.
CL300292,2025-09-28,15:05:26,전화,민원,2팀,783,1.0,Y,상담 연결이 너무 오래 걸린다고 강하게 항의.
CL300609,2025-10-05,11:03:06,전화,민원,3팀,855,2.0,N,수수료 부과에 대한 반복 민원. 관리자 연결 요청함
CL300266,2025-10-18,17:58:33,전화,카드,야간팀,732,2.0,N,"카드 연회비 환불 요청, 규정상 불가 안내"
CL300068,2025-06-26,02:09:13,전화,카드,1팀,346,5.0,Y,카드 부정사용 의심 거래 신고. 즉시 정지 처리.
CL300144,2025-01-05,16:00:05,이메일,민원,2팀,1126,3.0,N,상담 연결이 너무 오래 걸린다고 강하게 항의.
CL300350,2025-08-24,17:49:45,이메일,사기/보이스피싱,야간팀,826,2.0,N,"사기 피해 발생, 피해구제 절차 안내"
CL301224,2025-06-28,14:35:31,전화,민원,2팀,809,2.0,N,앱 오류로 거래가 안 된다고 불만. 기술팀 이관.
CL300808,2025-07-12,11:41:18,이메일,대출,3팀,943,3.0,N,햇살론 신청 자격 문의함
CL301011,2025-08-05,21:33:53,이메일,대출상담,1팀,241,4.0,N,햇살론 신청 자격 문의함
CL301129,2025-06-03,19:17:17,전화,대출,1팀,251,4.0,N,대출 실행이 지연된다며 불만 접수. 심사 진행상황 확인 후 회신 약속.
CL300390,2025-10-10,11:58:03,전화,대출상담,3팀,289,4.0,N,대출 실행이 지연된다며 불만 접수. 심사 진행상황 확인 후 회신 약속.
CL300565,2025-07-18,10:21:47,챗봇,예금,2팀,320,3.0,N,적금 금리 우대조건 안내함
CL300806,2025-10-03,10:54:20,전화,대출,3팀,224,4.0,N,햇살론 신청 자격 문의함
CL300920,2025-06-27,17:17:02,앱문의,사기/보이스피싱,1팀,316,3.0,Y,모르는 출금 발생했다며 신고. 이상거래 확인 진행.
CL300755,2025-06-29,05:55:33,이메일,카드,2팀,507,2.0,Y,할부 전환 신청 접수함.
CL300198,2025-08-15,10:25:57,앱문의,사기/보이스피싱,야간팀,855,3.0,N,모르는 출금 발생했다며 신고. 이상거래 확인 진행.
CL300729,2025-04-13,03:28:49,챗봇,사기/보이스피싱,3팀,460,3.0,N,"사기 피해 발생, 피해구제 절차 안내"
CL300299,2025-04-04,22:01:29,이메일,기타,야간팀,106,4.0,N,"기타 단순 문의, 안내 후 종료"
CL301236,2025-05-23,13:39:13,전화,이체,1팀,75,,Y,"타행 이체가 안 된다고 문의, 수취계좌 오류 안내"
CL300496,2025-09-02,16:15:18,앱문의,민원,1팀,443,2.0,N,수수료 부과에 대한 반복 민원. 관리자 연결 요청함
CL300392,2025-10-02,15:58:13,이메일,대출,3팀,393,4.0,N,햇살론 신청 자격 문의함
CL301165,2025-09-02,08:28:41,챗봇,기타,3팀,89,,N,비밀번호 초기화 요청.
CL300027,2025-01-01,17:12:46,이메일,민원,3팀,532,2.0,N,상담 연결이 너무 오래 걸린다고 강하게 항의.
CL300075,2025-07-24,01:24:34,이메일,예금,야간팀,241,4.0,N,적금 금리 우대조건 안내함
CL301042,2025-04-21,10:08:02,이메일,예금,1팀,175,4.0,N,적금 금리 우대조건 안내함
CL300848,2025-05-19,17:04:59,전화,민원,3팀,789,2.0,N,상담 연결이 너무 오래 걸린다고 강하게 항의.
CL301210,2025-01-01,15:12:54,이메일,대출,1팀,349,4.0,N,"중도상환수수료 문의, 상환 절차 안내"
CL300237,2025-08-31,11:20:31,이메일,대출,2팀,403,4.0,N,햇살론 신청 자격 문의함
CL300146,2025-04-08,09:45:45,앱문의,대출,2팀,582,2.0,N,대출 금리가 너무 높다고 항의. 금리 산정 기준 설명.
CL300369,2025-10-28,14:12:27,챗봇,예금,1팀,196,5.0,N,"예금 이자 지급일 문의, 확인 후 안내"
CL301183,2025-03-24,16:21:17,전화,민원,3팀,745,3.0,N,직원 응대가 불친절했다며 민원 제기. 사과 및 재발방지 약속.
CL300720,2025-09-16,16:22:25,앱문의,기타,2팀,109,4.0,N,"기타 단순 문의, 안내 후 종료"
CL301244,2025-03-24,16:26:19,앱문의,카드,3팀,224,5.0,N,카드 분실 신고 및 재발급 접수.
CL300816,2025-10-10,11:14:05,전화,대출,1팀,156,4.0,N,"중도상환수수료 문의, 상환 절차 안내내"
CL300913,2025-05-14,09:34:41,전화,예금,야간팀,419,4.0,N,적금 금리 우대조건 안내함
CL300052,2025-05-12,14:25:27,앱문의,이체,3팀,48,4.0,Y,이체 한도 상향 요청. 본인확인 후 처리.
CL300365,2025-02-09,10:09:30,이메일,카드,3팀,154,4.0,N,카드 분실 신고 및 재발급 접수.
CL301204,2025-01-01,20:08:39,전화,대출,야간팀,272,3.0,Y,대출 금리가 너무 높다고 항의. 금리 산정 기준 설명.
CL300018,2025-05-08,19:26:31,전화,카드,1팀,216,5.0,N,해외결제 승인 거절 원인 문의. 한도 초과로 확인.
CL301051,2025-05-21,17:56:00,챗봇,카드,3팀,156,4.0,N,"카드 연회비 환불 요청, 규정상 불가 안내"
CL300951,2025-01-01,16:17:10,전화,카드,1팀,270,4.0,N,해외결제 승인 거절 원인 문의. 한도 초과로 확인.
CL301053,2025-08-19,14:30:22,전화,대출,야간팀,287,5.0,N,"중도상환수수료 문의, 상환 절차 안내"
CL300507,2025-05-21,10:43:36,전화,민원,2팀,588,3.0,N,상담 연결이 너무 오래 걸린다고 강하게 항의.
CL300398,2025-10-03,14:48:28,전화,송금,3팀,103,5.0,N,"타행 이체가 안 된다고 문의, 수취계좌 오류 안내"
CL300016,2025-09-24,14:20:29,앱문의,대출,1팀,111,4.0,N,햇살론 신청 자격 문의함
CL300032,2025-03-01,09:54:43,전화,대출,3팀,221,3.0,N,햇살론 신청 자격 문의함
CL300410,2025-10-20,14:36:53,챗봇,민원,2팀,530,2.0,Y,수수료 부과에 대한 반복 민원. 관리자 연결 요청함
CL300316,2025-05-29,16:17:05,이메일,민원,3팀,382,2.0,Y,앱 오류로 거래가 안 된다고 불만. 기술팀 이관.
CL300045,2025-11-30,14:59:00,전화,기타,2팀,69,5.0,N,"기타 단순 문의, 안내 후 종료"
CL300505,2025-10-08,14:41:01,전화,카드,3팀,151,5.0,N,할부 전환 신청 접수함.
CL301112,2025-04-14,14:10:58,전화,대출,1팀,222,2.0,N,햇살론 신청 자격 문의함
CL300521,2025-07-17,10:25:18,이메일,예금,야간팀,302,3.0,N,정기예금 만기 해지 문의.
CL300896,2025-03-06,05:05:47,전화,사기/보이스피싱,3팀,542,4.0,N,보이스피싱 의심 거래 신고. 계좌 지급정지 안내.
CL300818,2025-09-17,02:27:49,이메일,카드,야간팀,458,2.0,N,카드 분실 신고 및 재발급 접수.
CL300417,2025-09-02,10:53:43,전화,이체,1팀,153,4.0,N,"타행 이체가 안 된다고 문의, 수취계좌 오류 안내"
CL300372,2025-05-12,16:03:23,전화,카드,야간팀,263,5.0,Y,카드 부정사용 의심 거래 신고. 즉시 정지 처리.
CL300378,2025-08-12,10:07:46,앱문의,대출,3팀,325,4.0,N,대출 금리가 너무 높다고 항의. 금리 산정 기준 설명.
CL301098,2025-05-05,03:42:01,전화,카드,2팀,288,4.0,N,카드 부정사용 의심 거래 신고. 즉시 정지 처리.
CL300484,2025-10-15,11:19:41,앱문의,이체,2팀,132,5.0,N,예약이체 설정 방법 안내.
CL300748,2025-08-31,14:23:23,전화,카드,3팀,363,4.0,N,해외결제 승인 거절 원인 문의. 한도 초과로 확인.
CL301012,2025-04-14,11:26:52,전화,사기/보이스피싱,1팀,726,3.0,N,모르는 출금 발생했다며 신고. 이상거래 확인 진행.
CL300413,2025-05-25,10:43:53,앱문의,대출,1팀,339,4.0,N,"중도상환수수료 문의, 상환 절차 안내"
CL300495,2025-04-30,16:52:55,챗봇,대출,3팀,302,4.0,N,소액대출 한도 문의. 신용등급 확인 안내함.
CL300770,2025-12-31,11:48:04,전화,대출,3팀,89047,4.0,N,대출 실행이 지연된다며 불만 접수. 심사 진행상황 확인 후 회신 약속.
CL300518,2025-05-11,10:36:04,앱문의,민원,1팀,830,3.0,N,상담 연결이 너무 오래 걸린다고 강하게 항의.
CL301234,2025-07-30,04:36:00,챗봇,대출,1팀,162,4.0,N,대출 금리가 너무 높다고 항의. 금리 산정 기준 설명.
CL300073,2025-07-29,11:31:31,이메일,카드,야간팀,221,5.0,N,카드 분실 신고 및 재발급 접수.
CL301187,2025-09-20,09:31:42,전화,민원,야간팀,444,4.0,N,수수료 부과에 대한 반복 민원. 관리자 연결 요청함
CL300612,2025-09-10,18:10:40,앱문의,예금,1팀,222,5.0,N,비대면 계좌개설 절차 문의.
CL300039,2025-03-08,15:42:17,전화,예금,3팀,61,3.0,Y,"예금 이자 지급일 문의, 확인 후 안내"
CL300242,2025-08-09,06:09:35,전화,이체,야간팀,191,4.0,N,이체 한도 상향 요청. 본인확인 후 처리.
CL300859,2025-10-26,15:58:11,전화,카드,야간팀,431,3.0,Y,할부 전환 신청 접수함.
CL301078,2025-06-03,15:11:33,전화,기타,3팀,84,5.0,N,"기타 단순 문의, 안내 후 종료"
CL300953,2025-02-10,10:11:19,앱문의,기타,2팀,107,4.0,N,비밀번호 초기화 요청.
CL300276,2025-01-01,11:36:50,앱문의,대출,3팀,397,4.0,N,햇살론 신청 자격 문의함
CL301167,2025-07-12,16:08:31,전화,사기/보이스피싱,1팀,527,2.0,N,보이스피싱 의심 거래 신고. 계좌 지급정지 안내.
CL300540,2025-01-14,07:59:18,전화,기타,2팀,249,4.0,N,"기타 단순 문의, 안내 후 종료"
CL300470,2025-04-18,11:38:55,전화,대출,1팀,434,4.0,N,대출 실행이 지연된다며 불만 접수. 심사 진행상황 확인 후 회신 약속.
CL300863,2025-08-15,16:20:53,전화,카드,3팀,416,3.0,N,할부 전환 신청 접수함.
CL300817,2025-07-05,16:20:43,전화,사기/보이스피싱,2팀,274,3.0,N,모르는 출금 발생했다며 신고. 이상거래 확인 진행.
CL300470,2025-04-18,11:38:55,전화,대출,1팀,434,4.0,N,대출 실행이 지연된다며 불만 접수. 심사 진행상황 확인 후 회신 약속.
CL300511,2025-08-02,16:59:58,챗봇,사기/보이스피싱,야간팀,874,4.0,N,보이스피싱 의심 거래 신고. 계좌 지급정지 안내.
CL300789,2025-04-30,16:24:30,전화,예금,2팀,172,3.0,N,정기예금 만기 해지 문의.
CL300488,2025-10-06,17:03:35,전화,기타,1팀,60,5.0,N,비밀번호 초기화 요청.
CL301161,2025-12-31,13:34:08,전화,카드,야간팀,422,4.0,N,카드 부정사용 의심 거래 신고. 즉시 정지 처리.
CL300921,2025-02-10,13:47:15,챗봇,카드,1팀,243,4.0,N,카드 분실 신고 및 재발급 접수.
CL300606,2025-10-18,10:12:44,앱문의, 이체,1팀,141,5.0,N,이체 한도 상향 요청. 본인확인 후 처리.
CL300056,2025-09-27,14:58:12,챗봇,카드,2팀,394,4.0,N,카드 부정사용 의심 거래 신고. 즉시 정지 처리.
CL300381,2025-01-01,16:52:41,전화,기타,야간팀,135,4.0,N,비밀번호 초기화 요청.
CL301063,2025-01-01,13:16:41,전화,기타,1팀,135,3.0,N,영업점 위치·운영시간 안내함
CL300440,2025-01-12,17:19:49,앱문의,대출,3팀,239,4.0,N,햇살론 신청 자격 문의함
CL300288,2025-04-18,11:26:42,챗봇,사기/보이스피싱,2팀,616,3.0,N,모르는 출금 발생했다며 신고. 이상거래 확인 진행.
CL300971,2025-07-14,10:59:31,전화,예금,2팀,75,5.0,N,비대면 계좌개설 절차 문의.
CL300473,2025-07-14,16:35:14,전화,card,야간팀,126,4.0,N,카드 분실 신고 및 재발급 접수.
CL301064,2025-06-28,10:54:13,챗봇,예금,3팀,100,4.0,N,비대면 계좌개설 절차 문의.
CL301115,2025-02-05,17:06:42,챗봇,카드,야간팀,212,3.0,N,"카드 연회비 환불 요청, 규정상 불가 안내"
CL301232,2025-04-09,11:30:04,,민원,야간팀,441,,Y,
CL300083,2025-07-12,13:59:47,앱문의,대출,야간팀,113,4.0,N,"중도상환수수료 문의, 상환 절차 안내"
CL300839,2025-09-13,16:04:07,전화,이체,야간팀,138,9.0,N,예약이체 설정 방법 안내.
CL301259,2025-05-05,09:33:26,전화,카드,2팀,182,9.0,N,할부 전환 신청 접수함.
CL301180,2025-05-16,16:07:28,전화,카드,3팀,218,4.0,N,카드 분실 신고 및 재발급 접수.
CL300542,2025-02-23,21:12:24,전화,카드,1팀,795,3.0,N,해외결제 승인 거절 원인 문의. 한도 초과로 확인.
CL300573,2025-04-14,11:52:10,전화,대출,1팀,303,4.0,N,대출 실행이 지연된다며 불만 접수. 심사 진행상황 확인 후 회신 약속.
CL300922,2025-03-02,11:54:33,전화,대출,1팀,419,4.0,N,"중도상환수수료 문의, 상환 절차 안내"
CL300923,2025-06-19,09:14:25,챗봇,민원,3팀,411,4.0,N,수수료 부과에 대한 반복 민원. 관리자 연결 요청함
CL300308,2025-05-01,16:37:45,챗봇,이체,3팀,100,3.0,N,이체 수수료 문의함.
CL300280,2025-08-21,07:24:41,챗봇,이체,1팀,104,5.0,N,이체 한도 상향 요청. 본인확인 후 처리.
CL300617,2025-01-01,14:39:40,챗봇,카드,1팀,316,4.0,N,해외결제 승인 거절 원인 문의. 한도 초과로 확인.
CL301223,2025-05-14,16:47:12,앱문의,카드,1팀,328,4.0,N,카드 분실 신고 및 재발급 접수.
CL301186,2025-04-13,14:17:07,챗봇,기타,1팀,93,5.0,N,비밀번호 초기화 요청.
CL301212,2025-06-27,21:07:01,앱문의,대출,2팀,726,3.0,Y,소액대출 한도 문의. 신용등급 확인 안내함.
CL300683,2025-06-04,11:39:33,앱문의,이체,2팀,159,5.0,N,예약이체 설정 방법 안내.
CL301161,2025-12-31,13:34:08,전화,카드,야간팀,422,4.0,N,카드 부정사용 의심 거래 신고. 즉시 정지 처리.
CL301038,2025-12-12,17:16:32,전화,대출,1팀,394,4.0,N,대출 실행이 지연된다며 불만 접수. 심사 진행상황 확인 후 회신 약속.
CL300109,2025-09-27,16:20:38,챗봇,이체,1팀,140,5.0,N,예약이체 설정 방법 안내.
CL301009,2025-11-03,17:28:47,챗봇,카드,야간팀,352,4.0,N,카드 부정사용 의심 거래 신고. 즉시 정지 처리.
CL300286,2025-07-14,15:26:03,앱문의,예금,2팀,247,9.0,N,비대면 계좌개설 절차 문의.
CL300747,2025-10-07,10:57:33,전화,카드,야간팀,493,3.0,N,할부 전환 신청 접수함.
CL300664,2025-09-16,10:01:35,전화,기타,2팀,75,4.0,N,공인인증서 갱신 방법 문의.
CL300431,2025-09-28,16:21:14,전화,민원,3팀,766,3.0,Y,수수료 부과에 대한 반복 민원. 관리자 연결 요청함
CL300910,2025-03-06,14:54:38,챗봇,대출,3팀,234,4.0,N,햇살론 신청 자격 문의함
CL300126,2025-09-12,17:45:14,챗봇,사기/보이스피싱,2팀,1054,2.0,Y,"사기 피해 발생, 피해구제 절차 안내"
CL300247,2025-05-18,11:46:48,전화,기타,1팀,209,4.0,N,공인인증서 갱신 방법 문의.
CL300878,2025-07-02,16:48:32,챗봇,카드,3팀,818,3.0,N,카드 분실 신고 및 재발급 접수.
CL301124,2025-05-16,15:16:25,챗봇,민원,2팀,1201,2.0,N,수수료 부과에 대한 반복 민원. 관리자 연결 요청함
CL300135,2025-09-13,15:15:42,전화,민원,3팀,1078,1.0,Y,상담 연결이 너무 오래 걸린다고 강하게 항의.
CL301085,2025-06-30,19:32:41,전화,대출,1팀,120,3.0,N,소액대출 한도 문의. 신용등급 확인 안내함.
CL301105,2025-05-21,11:07:37,전화,대출,야간팀,186,5.0,N,소액대출 한도 문의. 신용등급 확인 안내함.
CL300563,2025-09-14,22:43:35,전화,카드,1팀,93,4.0,N,카드 부정사용 의심 거래 신고. 즉시 정지 처리.
CL301110,2025-10-04,10:39:28,전화,카드,3팀,-254,4.0,N,할부 전환 신청 접수함.
CL300174,2025-12-31,16:21:28,이메일,대출,야간팀,452,3.0,N,대출 금리가 너무 높다고 항의. 금리 산정 기준 설명.
CL301025,2025-05-19,13:52:37,앱문의,민원,2팀,501,9.0,Y,수수료 부과에 대한 반복 민원. 관리자 연결 요청함
CL301003,2025-07-22,11:43:18,전화,예금,3팀,435,3.0,N,"예금 이자 지급일 문의, 확인 후 안내"
CL300908,2025-05-07,10:16:31,챗봇,카드,야간팀,328,4.0,N,할부 전환 신청 접수함.
CL300257,2025-06-07,17:54:56,앱문의,예금,야간팀,187,5.0,N,"예금 이자 지급일 문의, 확인 후 안내"
CL300245,2025-08-31,14:51:20,전화,기타,2팀,55,5.0,N,공인인증서 갱신 방법 문의.
CL300628,2025-05-15,10:03:36,챗봇,카드,3팀,348,4.0,N,카드 분실 신고 및 재발급 접수.
CL301233,2025-07-02,11:01:01,앱문의,기타,1팀,59,5.0,N,"기타 단순 문의, 안내 후 종료"
CL300106,2025-08-16,19:56:12,전화,카드상담,3팀,425,3.0,N,"카드 연회비 환불 요청, 규정상 불가 안내"
CL301086,2025-06-10,11:00:56,전화,카드,2팀,183,4.0,Y,할부 전환 신청 접수함.
CL300348,2025-01-01,11:43:36,이메일,사기/보이스피싱,2팀,605,2.0,N,"사기 피해 발생, 피해구제 절차 안내"
CL300038,2025-02-03,14:16:57,이메일,예금,3팀,165,4.0,N,적금 금리 우대조건 안내함
CL300325,2025-10-28,11:01:16,전화,대출,3팀,287,4.0,N,대출 금리가 너무 높다고 항의. 금리 산정 기준 설명.
CL300673,2025-11-22,05:11:56,전화,민원,1팀,907,2.0,Y,직원 응대가 불친절했다며 민원 제기. 사과 및 재발방지 약속.
CL300936,2025-04-30,15:21:23,이메일,예금,1팀,241,4.0,N,적금 금리 우대조건 안내함
CL301164,2025-12-07,15:44:20,전화,민원,1팀,1039,1.0,N,직원 응대가 불친절했다며 민원 제기. 사과 및 재발방지 약속.
CL300613,2025-07-08,04:12:37,전화,대출,2팀,460,4.0,N,대출 실행이 지연된다며 불만 접수. 심사 진행상황 확인 후 회신 약속.
CL301202,2025-01-01,11:16:17,이메일,기타,1팀,136,5.0,N,비밀번호 초기화 요청.
CL300725,2025-09-14,06:03:32,전화,기타,3팀,206,4.0,N,영업점 위치·운영시간 안내함
CL300976,2025-07-15,13:53:12,전화,대출,3팀,245,9.0,N,햇살론 신청 자격 문의함
CL300883,2025-08-26,00:05:11,앱문의,대출,3팀,420,3.0,N,햇살론 신청 자격 문의함
CL300772,2025-02-14,16:32:53,전화,대출,3팀,176,4.0,N,햇살론 신청 자격 문의함
CL300894,2025-11-22,09:33:23,전화,대출,2팀,717,3.0,N,대출 실행이 지연된다며 불만 접수. 심사 진행상황 확인 후 회신 약속.
CL300113,2025-02-07,17:31:29,전화,loan,1팀,446,4.0,N,햇살론 신청 자격 문의함
CL300656,2025-08-14,14:20:04,전화,카드,3팀,287,4.0,N,카드 부정사용 의심 거래 신고. 즉시 정지 처리.
CL300177,2025-12-31,05:59:14,이메일,민원,야간팀,454,4.0,N,수수료 부과에 대한 반복 민원. 관리자 연결 요청함
CL300082,2025-06-09,13:16:39,이메일,민원,1팀,123,3.0,N,직원 응대가 불친절했다며 민원 제기. 사과 및 재발방지 약속.
CL300393,2025-07-08,16:56:01,이메일,대출,3팀,193,3.0,Y,햇살론 신청 자격 문의함
CL300956,2025-08-31,14:11:49,앱문의,대출,2팀,200,4.0,N,햇살론 신청 자격 문의함
CL300897,2025-10-30,20:56:09,전화,민원,3팀,1499,1.0,N,수수료 부과에 대한 반복 민원. 관리자 연결 요청함
CL300030,2025-05-04,13:35:37,전화,민원,2팀,578,2.0,Y,수수료 부과에 대한 반복 민원. 관리자 연결 요청함
CL300979,2025-06-10,16:05:38,전화,카드,3팀,170,5.0,N,카드 분실 신고 및 재발급 접수.
CL300821,2025-09-21,17:22:59,전화,이체,1팀,116,4.0,N,"타행 이체가 안 된다고 문의, 수취계좌 오류 안내"
CL300401,2025-03-13,16:03:19,전화,대출,3팀,690,4.0,N,대출 금리가 너무 높다고 항의. 금리 산정 기준 설명.
CL300448,2025-07-25,16:40:14,이메일,카드,1팀,120,5.0,N,"카드 연회비 환불 요청, 규정상 불가 안내"
CL300977,2025-08-12,20:29:55,이메일,카드,3팀,234,3.0,Y,"카드 연회비 환불 요청, 규정상 불가 안내"
CL301138,2025-05-08,09:08:25,앱문의,대출,1팀,178,5.0,N,소액대출 한도 문의. 신용등급 확인 안내함.
CL300279,2025-01-24,09:29:38,전화,이체,1팀,214,5.0,N,예약이체 설정 방법 안내.
CL300188,2025-06-05,16:28:37,전화,기타,1팀,107,4.0,N,영업점 위치·운영시간 안내내함
CL300443,2025-03-23,23:28:37,전화,이체,1팀,201,3.0,N,이체 수수료 문의함.
CL300272,2025-11-30,11:52:01,전화,카드,1팀,77,4.0,N,해외결제 승인 거절 원인 문의. 한도 초과로 확인.
CL300911,2025-09-27,01:41:11,전화,기타,3팀,148,5.0,N,영업점 위치·운영시간 안내함
CL300179,2025-01-22,15:40:00,전화,대출,2팀,640,3.0,N,햇살론 신청 자격 문의함
CL300914,2025-05-31,16:10:18,챗봇,이체,2팀,42,5.0,N,이체 한도 상향 요청. 본인확인 후 처리.
CL300178,2025-11-13,14:38:40,이메일,카드,2팀,267,3.0,N,할부 전환 신청 접수함.
CL300339,2025-04-23,14:11:57,앱문의,이체,1팀,83,4.0,N,이체 한도 상향 요청. 본인확인 후 처리.
CL300838,2025-01-31,17:04:56,챗봇,카드,야간팀,217,4.0,N,"카드 연회비 환불 요청, 규정상 불가 안내"
CL300758,2025-10-30,10:38:24,전화,예금,야간팀,97,3.0,N,적금 금리 우대조건 안내함
CL300798,2025-03-04,11:09:21,전화,카드,야간팀,151,5.0,Y,"카드 연회비 환불 요청, 규정상 불가 안내"
CL300437,2025-09-01,10:38:50,챗봇,기타,1팀,109,4.0,N,영업점 위치·운영시간 안내함
CL300485,2025-11-28,07:54:05,챗봇,대출,1팀,153,5.0,Y,"중도상환수수료 문의, 상환 절차 안내"
