ID,일자,회사명,유형,카테고리,제목,본문요약,조회수
DN1289,2025-05-15,,보도자료,제재,[제재] 가온저축은행 기관경고 조치,가온저축은행는 2025년 5월 제재 관련 사항을 발표했다. 세부 내용은 공시 원문을 참고. 담당: 홍태양 / 문의 IR팀.,2166.0
DN1254,25/07/16,우리들생명,기사,리스크,우리들생명 연체율 35.7%로 상승…건전성 관리 강화,우리들생명는 2025년 7월 리스크 관련 사항을 발표했다. 세부 내용은 공시 원문을 참고. 담당: 류예준 / 문의 IR팀.  (자세한 내용은 첨부파일 참조)   ,2184.0
DN1055,2026-03-05,우리들생명,DART,,우리들생명 관련 안내문,,
DN1237,25/09/17,가온저축은행,공시,ESG,가온저축은행 ESG 등급 A 획득,"- 가온저축은행는 2025년 9월 ESG 관련 사항을 발표했다
- 세부 내용은 공시 원문을 참고
- 담당: 서현우 / 문의 IR팀.",6920.0
DN1089,2025년 03월 20일,가온저축은행,기사,리스크,가온저축은행 연체율 29.7%로 상승…건전성 관리 강화,"- 가온저축은행는 2025년 3월 리스크 관련 사항을 발표했다
- 세부 내용은 공시 원문을 참고
- 담당: 김서윤 / 문의 IR팀.",2913.0
DN1070,25/09/17,한결자산운용,DART,실적,[실적] 한결자산운용 영업이익 전년比 10.0% 증가,한결자산운용는 2025년 9월 실적 관련 사항을 발표했다. 세부 내용은 공시 원문을 참고. 담당: 황수아 / 문의 IR팀.,
DN1047,2025-02-25,한빛캐피탈,뉴스,,한빛캐피탈 1Q 잠정실적 발표,한빛캐피탈는 2025년 2월 실적 관련 사항을 발표했다. 세부 내용은 공시 원문을 참고. 담당: 한민준 / 문의 IR팀.,
DN1022,2025-05-24,한빛캐피탈,기사,기타,한빛캐피탈 관련 안내문,한빛캐피탈는 2025년 5월 기타 관련 사항을 발표했다. 세부 내용은 공시 원문을 참고. 담당: 정준서 / 문의 IR팀.,
DN1066,2025-01-06,우리들생명,보도자료,인사,[인사] 우리들생명 조직개편 실시,우리들생명는 2025년 1월 인사 관련 사항을 발표했다. 세부 내용은 공시 원문을 참고. 담당: 윤하준 / 문의 IR팀.  (자세한 내용은 첨부파일 참조)   ,
DN1072,2026년 03월 27일,동방파이낸셜,공시,상품,동방파이낸셜 모바일 금융앱 개편,동방파이낸셜는 2026년 3월 상품 관련 사항을 발표했다. 세부 내용은 공시 원문을 참고. 담당: 서민준 / 문의 IR팀.,
DN1151,2026-02-04,동방파이낸셜,DART,기타,동방파이낸셜 사옥 이전 안내,동방파이낸셜는 2026년 2월 기타 관련 사항을 발표했다. 세부 내용은 공시 원문을 참고. 담당: 김하준 / 문의 IR팀.,1452.0
DN1264,2026-01-07,동방파이낸셜,공시,실적,[실적] 동방파이낸셜 영업이익 전년比 7.6% 증가,동방파이낸셜는 2026년 1월 실적 관련 사항을 발표했다. 세부 내용은 공시 원문을 참고. 담당: 송민준 / 문의 IR팀.,
DN1103,2025.10.15,한결자산운용,기사,실적,"한결자산운용, 2024년 1분기 당기순이익 675억원 기록",한결자산운용는 2025년 10월 실적 관련 사항을 발표했다. 세부 내용은 공시 원문을 참고. 담당: 박유진 / 문의 IR팀.,
DN1035,2025.02.06,새빛카드,공시,인사,"새빛카드, 임원 인사 단행",새빛카드는 2025년 2월 인사 관련 사항을 발표했다. 세부 내용은 공시 원문을 참고. 담당: 임도윤 / 문의 IR팀.,
DN1277,2026.01.24,청해캐피탈,보도자료,배당,청해캐피탈 중간배당 실시 공시,청해캐피탈는 2026년 1월 배당 관련 사항을 발표했다. 세부 내용은 공시 원문을 참고. 담당: 황시우 / 문의 IR팀.,
DN1221,25/02/13,한빛캐피탈,공시,인사,한빛캐피탈 신임 대표이사에 황수아 선임,한빛캐피탈는 2025년 2월 인사 관련 사항을 발표했다. 세부 내용은 공시 원문을 참고. 담당: 황수아 / 문의 IR팀.,
DN1024,2025년 09월 04일,가온저축은행,공시,합병,"가온저축은행, 우리들생명 흡수합병 추진","- 가온저축은행는 2025년 9월 합병 관련 사항을 발표했다
- 세부 내용은 공시 원문을 참고
- 담당: 황예준 / 문의 IR팀.",
DN1190,2026.03.26,청해캐피탈,기사,상품,"청해캐피탈, 신규 소액대출 상품 '사장님우대론' 출시","- 청해캐피탈는 2026년 3월 상품 관련 사항을 발표했다
- 세부 내용은 공시 원문을 참고
- 담당: 송건우 / 문의 IR팀.",
DN1069,2026-01-16,한결자산운용,공시,실적,"한결자산운용, 2024년 4분기 당기순이익 514억원 기록",한결자산운용는 2026년 1월 실적 관련 사항을 발표했다. 세부 내용은 공시 원문을 참고. 담당: 조다은 / 문의 IR팀.,3007.0
DN1042,2026-02-05,동방파이낸셜,공시,ESG,"동방파이낸셜, 탄소중립 로드맵 발표","- 동방파이낸셜는 2026년 2월 ESG 관련 사항을 발표했다
- 세부 내용은 공시 원문을 참고
- 담당: 조유진 / 문의 IR팀.",
DN1033,2025-10-11,우리들생명,공시,,우리들생명 관련 안내문,우리들생명는 2025년 10월 기타 관련 사항을 발표했다. 세부 내용은 공시 원문을 참고. 담당: 오태양 / 문의 IR팀.  (자세한 내용은 첨부파일 참조)   ,2730.0
DN1231,2025-06-13,정도투자증권,뉴스,배당,정도투자증권 주당 373원 현금배당 결정,"- 정도투자증권는 2025년 6월 배당 관련 사항을 발표했다
- 세부 내용은 공시 원문을 참고
- 담당: 황시우 / 문의 IR팀.",2984.0
DN1034,2025-06-12,정도투자증권,보도자료,,정도투자증권 연체율 11.9%로 상승…건전성 관리 강화,정도투자증권는 2025년 6월 리스크 관련 사항을 발표했다. 세부 내용은 공시 원문을 참고. 담당: 임건우 / 문의 IR팀.,
DN1067,25/06/26,한빛캐피탈,DART,상품,"한빛캐피탈, 신규 소액대출 상품 '희망드림론' 출시",한빛캐피탈는 2025년 6월 상품 관련 사항을 발표했다. 세부 내용은 공시 원문을 참고. 담당: 강지민 / 문의 IR팀.,
DN1117,2026년 03월 07일,한빛캐피탈,기사,리스크,"한빛캐피탈, 부동산 PF 익스포저 점검","- 한빛캐피탈는 2026년 3월 리스크 관련 사항을 발표했다
- 세부 내용은 공시 원문을 참고
- 담당: 정서윤 / 문의 IR팀.",8075.0
DN1148,2025-08-27,미래소액금융,공시,리스크,"미래소액금융, 부동산 PF 익스포저 점검",,
DN1222,2025.01.24,,보도자료,인사,[인사] 가온저축은행 조직개편 실시,,5572.0
DN1285,2025년 09월 01일,청해캐피탈,뉴스,실적,[실적] 청해캐피탈 영업이익 전년比 1.1% 증가,청해캐피탈는 2025년 9월 실적 관련 사항을 발표했다. 세부 내용은 공시 원문을 참고. 담당: 윤다은 / 문의 IR팀.,
DN1120,2026-03-11,한빛캐피탈,뉴스,실적,[실적] 한빛캐피탈 영업이익 전년比 40.6% 증가,한빛캐피탈는 2026년 3월 실적 관련 사항을 발표했다. 세부 내용은 공시 원문을 참고. 담당: 류민서 / 문의 IR팀.,4597.0
DN1031,2026-01-13,가온저축은행,공시,,가온저축은행 고금리 예금 특판 안내,가온저축은행는 2026년 1월 상품 관련 사항을 발표했다. 세부 내용은 공시 원문을 참고. 담당: 조현우 / 문의 IR팀.  (자세한 내용은 첨부파일 참조)   ,2245.0
DN1175,2025년 10월 12일,한결자산운용,뉴스,실적,한결자산운용 3Q 잠정실적 발표,한결자산운용는 2025년 10월 실적 관련 사항을 발표했다. 세부 내용은 공시 원문을 참고. 담당: 이가은 / 문의 IR팀.  (자세한 내용은 첨부파일 참조)   ,
DN1311,2025.02.05,새빛카드,기사,합병,새빛카드 자회사 합병 결정,새빛카드는 2025년 2월 합병 관련 사항을 발표했다. 세부 내용은 공시 원문을 참고. 담당: 오민준 / 문의 IR팀.,
DN1059,2025-03-18,동방파이낸셜,보도자료,기타,동방파이낸셜 정기주주총회 개최 공고,동방파이낸셜는 2025년 3월 기타 관련 사항을 발표했다. 세부 내용은 공시 원문을 참고. 담당: 안지우 / 문의 IR팀.  (자세한 내용은 첨부파일 참조)   ,
DN1000,2025.07.05,바른저축은행,공시,실적,"바른저축은행, 2024년 3분기 당기순이익 847억원 기록",바른저축은행는 2025년 7월 실적 관련 사항을 발표했다. 세부 내용은 공시 원문을 참고. 담당: 신수아 / 문의 IR팀.  (자세한 내용은 첨부파일 참조)   ,
DN1299,2025-05-10,한빛캐피탈,DART,상품,"한빛캐피탈, 신규 소액대출 상품 '사장님우대론' 출시","- 한빛캐피탈는 2025년 5월 상품 관련 사항을 발표했다
- 세부 내용은 공시 원문을 참고
- 담당: 권지우 / 문의 IR팀.",
DN1138,2026-03-18,한결자산운용,보도자료,인사,[인사] 한결자산운용 조직개편 실시,한결자산운용는 2026년 3월 인사 관련 사항을 발표했다. 세부 내용은 공시 원문을 참고. 담당: 오예준 / 문의 IR팀.  (자세한 내용은 첨부파일 참조)   ,
DN1187,2026.01.19,동방파이낸셜,뉴스,기타,동방파이낸셜 관련 안내문,동방파이낸셜는 2026년 1월 기타 관련 사항을 발표했다. 세부 내용은 공시 원문을 참고. 담당: 홍채원 / 문의 IR팀.  (자세한 내용은 첨부파일 참조)   ,
DN1112,2025년 10월 15일,한결자산운용,DART,실적,[실적] 한결자산운용 영업이익 전년比 5.2% 증가,,
DN1108,2026년 02월 08일,우리들생명,보도자료,배당,우리들생명 중간배당 실시 공시,우리들생명는 2026년 2월 배당 관련 사항을 발표했다. 세부 내용은 공시 원문을 참고. 담당: 정민서 / 문의 IR팀.,
DN1004,2025-04-15,새빛카드,DART,실적,새빛카드 3Q 잠정실적 발표,새빛카드는 2025년 4월 실적 관련 사항을 발표했다. 세부 내용은 공시 원문을 참고. 담당: 안서윤 / 문의 IR팀.  (자세한 내용은 첨부파일 참조)   ,
DN1283,25/03/08,미래소액금융,DART,리스크,[리스크] 미래소액금융 대손충당금 추가 적립,미래소액금융는 2025년 3월 리스크 관련 사항을 발표했다. 세부 내용은 공시 원문을 참고. 담당: 조서윤 / 문의 IR팀.,
DN1202,2025-07-18,정도투자증권,공시,리스크,[리스크] 정도투자증권 대손충당금 추가 적립,정도투자증권는 2025년 7월 리스크 관련 사항을 발표했다. 세부 내용은 공시 원문을 참고. 담당: 이지호 / 문의 IR팀.,
DN1107,2025.08.15,바른저축은행,뉴스,기타,바른저축은행 관련 안내문,바른저축은행는 2025년 8월 기타 관련 사항을 발표했다. 세부 내용은 공시 원문을 참고. 담당: 송수아 / 문의 IR팀.,
DN1044,2025.07.10,가온저축은행,기사,실적,가온저축은행 1Q 잠정실적 발표,가온저축은행는 2025년 7월 실적 관련 사항을 발표했다. 세부 내용은 공시 원문을 참고. 담당: 이준서 / 문의 IR팀.,582.0
DN1229,2025.08.17,가온저축은행,뉴스,상품,"가온저축은행, 신규 소액대출 상품 '생활안심론' 출시",가온저축은행는 2025년 8월 상품 관련 사항을 발표했다. 세부 내용은 공시 원문을 참고. 담당: 윤서연 / 문의 IR팀.,
DN1305,2025-03-06,가온저축은행,DART,인사,"가온저축은행, 임원 인사 단행",가온저축은행는 2025년 3월 인사 관련 사항을 발표했다. 세부 내용은 공시 원문을 참고. 담당: 윤건우 / 문의 IR팀.,7227.0
DN1205,2025.10.21,가온저축은행,보도자료,리스크,[리스크] 가온저축은행 대손충당금 추가 적립,가온저축은행는 2025년 10월 리스크 관련 사항을 발표했다. 세부 내용은 공시 원문을 참고. 담당: 안도윤 / 문의 IR팀.,
DN1239,2025-12-15,정도투자증권,기사,기타,정도투자증권 정기주주총회 개최 공고,정도투자증권는 2025년 12월 기타 관련 사항을 발표했다. 세부 내용은 공시 원문을 참고. 담당: 권준서 / 문의 IR팀.,
DN1180,2025년 11월 13일,바른저축은행,공시,,바른저축은행 ESG 등급 B 획득,,
DN1058,2026.03.25,미래소액금융,보도자료,실적,"미래소액금융, 2025년 1분기 당기순이익 257억원 기록",,4100.0
DN1158,2025-04-08,미래소액금융,뉴스,인사,"미래소액금융, 임원 인사 단행",미래소액금융는 2025년 4월 인사 관련 사항을 발표했다. 세부 내용은 공시 원문을 참고. 담당: 박지우 / 문의 IR팀.  (자세한 내용은 첨부파일 참조)   ,
DN1165,2025-06-12,정도투자증권,기사,배당,정도투자증권 중간배당 실시 공시,정도투자증권는 2025년 6월 배당 관련 사항을 발표했다. 세부 내용은 공시 원문을 참고. 담당: 박다은 / 문의 IR팀.  (자세한 내용은 첨부파일 참조)   ,
DN1244,2025.01.10,미래소액금융,공시,합병,미래소액금융 자회사 합병 결정,미래소액금융는 2025년 1월 합병 관련 사항을 발표했다. 세부 내용은 공시 원문을 참고. 담당: 류다은 / 문의 IR팀.,
DN1057,2025.12.22,바른저축은행,공시,리스크,바른저축은행 연체율 13.7%로 상승…건전성 관리 강화,"- 바른저축은행는 2025년 12월 리스크 관련 사항을 발표했다
- 세부 내용은 공시 원문을 참고
- 담당: 한지민 / 문의 IR팀.",
DN1240,2025-12-29,미래소액금융,보도자료,,"미래소액금융, 부동산 PF 익스포저 점검",미래소액금융는 2025년 12월 리스크 관련 사항을 발표했다. 세부 내용은 공시 원문을 참고. 담당: 서태양 / 문의 IR팀.,
DN1301,2026-01-25,우리들생명,뉴스,실적,[실적] 우리들생명 영업이익 전년比 29.3% 증가,"- 우리들생명는 2026년 1월 실적 관련 사항을 발표했다
- 세부 내용은 공시 원문을 참고
- 담당: 황민서 / 문의 IR팀.",445.0
DN1236,26/01/03,정도투자증권,공시,리스크,"정도투자증권, 부동산 PF 익스포저 점검",정도투자증권는 2026년 1월 리스크 관련 사항을 발표했다. 세부 내용은 공시 원문을 참고. 담당: 서준서 / 문의 IR팀.,
DN1218,2025.03.24,가온저축은행,공시,,"가온저축은행, 부동산 PF 익스포저 점검",가온저축은행는 2025년 3월 리스크 관련 사항을 발표했다. 세부 내용은 공시 원문을 참고. 담당: 이하준 / 문의 IR팀.,3716.0
DN1275,2026.02.03,우리들생명,보도자료,,"우리들생명, 신규 소액대출 상품 '사장님우대론' 출시",우리들생명는 2026년 2월 상품 관련 사항을 발표했다. 세부 내용은 공시 원문을 참고. 담당: 송건우 / 문의 IR팀.  (자세한 내용은 첨부파일 참조)   ,
DN1065,26/01/12,청해캐피탈,기사,합병,"청해캐피탈, 정도투자증권 흡수합병 추진",청해캐피탈는 2026년 1월 합병 관련 사항을 발표했다. 세부 내용은 공시 원문을 참고. 담당: 송도윤 / 문의 IR팀.  (자세한 내용은 첨부파일 참조)   ,
DN1193,2025-05-31,가온저축은행,공시,상품,가온저축은행 고금리 예금 특판 안내,가온저축은행는 2025년 5월 상품 관련 사항을 발표했다. 세부 내용은 공시 원문을 참고. 담당: 정민서 / 문의 IR팀.,5751.0
DN1013,2025.05.10,새빛카드,공시,상품,새빛카드 고금리 예금 특판 안내,,
DN1189,2026.03.08,동방파이낸셜,보도자료,,[인사] 동방파이낸셜 조직개편 실시,동방파이낸셜는 2026년 3월 인사 관련 사항을 발표했다. 세부 내용은 공시 원문을 참고. 담당: 신지우 / 문의 IR팀.,
DN1167,25/08/29,미래소액금융,DART,리스크,미래소액금융 연체율 1.0%로 상승…건전성 관리 강화,미래소액금융는 2025년 8월 리스크 관련 사항을 발표했다. 세부 내용은 공시 원문을 참고. 담당: 강채원 / 문의 IR팀.,2124.0
DN1181,2025-03-13,바른저축은행,공시,기타,바른저축은행 사옥 이전 안내,"- 바른저축은행는 2025년 3월 기타 관련 사항을 발표했다
- 세부 내용은 공시 원문을 참고
- 담당: 최예준 / 문의 IR팀.",7673.0
DN1302,2025-02-10,동방파이낸셜,공시,배당,동방파이낸셜 주당 1009원 현금배당 결정,"- 동방파이낸셜는 2025년 2월 배당 관련 사항을 발표했다
- 세부 내용은 공시 원문을 참고
- 담당: 황다은 / 문의 IR팀.",2280.0
DN1227,2025년 02월 14일,한결자산운용,보도자료,실적,한결자산운용 3Q 잠정실적 발표,한결자산운용는 2025년 2월 실적 관련 사항을 발표했다. 세부 내용은 공시 원문을 참고. 담당: 정유진 / 문의 IR팀.,5605.0
DN1300,2025-06-12,바른저축은행,뉴스,인사,"바른저축은행, 임원 인사 단행","- 바른저축은행는 2025년 6월 인사 관련 사항을 발표했다
- 세부 내용은 공시 원문을 참고
- 담당: 임유진 / 문의 IR팀.",
DN1077,2025.05.03,새빛카드,보도자료,제재,"새빛카드, 금융당국 과태료 1075억원 부과",새빛카드는 2025년 5월 제재 관련 사항을 발표했다. 세부 내용은 공시 원문을 참고. 담당: 이준서 / 문의 IR팀.  (자세한 내용은 첨부파일 참조)   ,8009.0
DN1124,2025.12.03,가온저축은행,보도자료,실적,가온저축은행 4Q 잠정실적 발표,가온저축은행는 2025년 12월 실적 관련 사항을 발표했다. 세부 내용은 공시 원문을 참고. 담당: 한가은 / 문의 IR팀.  (자세한 내용은 첨부파일 참조)   ,3772.0
DN1186,2025.01.23,미래소액금융,보도자료,리스크,"미래소액금융, 부동산 PF 익스포저 점검",,1311.0
DN1206,2026-02-15,우리들생명,기사,인사,[인사] 우리들생명 조직개편 실시,우리들생명는 2026년 2월 인사 관련 사항을 발표했다. 세부 내용은 공시 원문을 참고. 담당: 신태양 / 문의 IR팀.,
DN1110,2025-07-05,청해캐피탈,뉴스,상품,청해캐피탈 모바일 금융앱 개편,청해캐피탈는 2025년 7월 상품 관련 사항을 발표했다. 세부 내용은 공시 원문을 참고. 담당: 임서연 / 문의 IR팀.,
DN1011,26/01/06,청해캐피탈,뉴스,상품,청해캐피탈 고금리 예금 특판 안내,"- 청해캐피탈는 2026년 1월 상품 관련 사항을 발표했다
- 세부 내용은 공시 원문을 참고
- 담당: 권지호 / 문의 IR팀.",3267.0
DN1268,2025-02-02,가온저축은행,뉴스,상품,가온저축은행 모바일 금융앱 개편,가온저축은행는 2025년 2월 상품 관련 사항을 발표했다. 세부 내용은 공시 원문을 참고. 담당: 류수아 / 문의 IR팀.,
DN1164,2025.10.05,한빛캐피탈,DART,인사,[인사] 한빛캐피탈 조직개편 실시,한빛캐피탈는 2025년 10월 인사 관련 사항을 발표했다. 세부 내용은 공시 원문을 참고. 담당: 황서연 / 문의 IR팀.,
DN1223,2026-01-13,가온저축은행,공시,리스크,"가온저축은행, 부동산 PF 익스포저 점검",가온저축은행는 2026년 1월 리스크 관련 사항을 발표했다. 세부 내용은 공시 원문을 참고. 담당: 류가은 / 문의 IR팀.  (자세한 내용은 첨부파일 참조)   ,8003.0
DN1017,2025-10-08,미래소액금융,공시,공시정정,미래소액금융 정정신고(보고),미래소액금융는 2025년 10월 공시정정 관련 사항을 발표했다. 세부 내용은 공시 원문을 참고. 담당: 장시우 / 문의 IR팀.  (자세한 내용은 첨부파일 참조)   ,
DN1263,25/04/15,미래소액금융,공시,상품,미래소액금융 고금리 예금 특판 안내,미래소액금융는 2025년 4월 상품 관련 사항을 발표했다. 세부 내용은 공시 원문을 참고. 담당: 박지우 / 문의 IR팀.,2121.0
DN1216,26/01/19,미래소액금융,공시,배당,미래소액금융 중간배당 실시 공시,"- 미래소액금융는 2026년 1월 배당 관련 사항을 발표했다
- 세부 내용은 공시 원문을 참고
- 담당: 신예준 / 문의 IR팀.",
DN1191,2025-08-30,새빛카드,기사,상품,새빛카드 모바일 금융앱 개편,"- 새빛카드는 2025년 8월 상품 관련 사항을 발표했다
- 세부 내용은 공시 원문을 참고
- 담당: 조수아 / 문의 IR팀.",
DN1149,2025-09-14,가온저축은행,보도자료,합병,"가온저축은행, 한결자산운용 흡수합병 추진",가온저축은행는 2025년 9월 합병 관련 사항을 발표했다. 세부 내용은 공시 원문을 참고. 담당: 송건우 / 문의 IR팀.,
DN1005,2025-02-28,정도투자증권,DART,실적,정도투자증권 2Q 잠정실적 발표,정도투자증권는 2025년 2월 실적 관련 사항을 발표했다. 세부 내용은 공시 원문을 참고. 담당: 황건우 / 문의 IR팀.,
DN1293,2025.03.01,바른저축은행,보도자료,상품,"바른저축은행, 신규 소액대출 상품 '바로직장인대출' 출시",바른저축은행는 2025년 3월 상품 관련 사항을 발표했다. 세부 내용은 공시 원문을 참고. 담당: 신민준 / 문의 IR팀.  (자세한 내용은 첨부파일 참조)   ,
DN1210,2025-04-04,미래소액금융,DART,인사,미래소액금융 신임 대표이사에 안예준 선임,미래소액금융는 2025년 4월 인사 관련 사항을 발표했다. 세부 내용은 공시 원문을 참고. 담당: 안예준 / 문의 IR팀.  (자세한 내용은 첨부파일 참조)   ,
DN1015,2025.05.28,새빛카드,공시,합병,"새빛카드, 바른저축은행 흡수합병 추진","- 새빛카드는 2025년 5월 합병 관련 사항을 발표했다
- 세부 내용은 공시 원문을 참고
- 담당: 송예준 / 문의 IR팀.",
DN1204,2025년 01월 18일,미래소액금융,뉴스,제재,[제재] 미래소액금융 기관경고 조치,미래소액금융는 2025년 1월 제재 관련 사항을 발표했다. 세부 내용은 공시 원문을 참고. 담당: 류태양 / 문의 IR팀.,8773.0
DN1085,2026.01.25,한빛캐피탈,기사,ESG,한빛캐피탈 ESG 등급 C 획득,,
DN1079,2025-12-10,바른저축은행,기사,실적,[실적] 바른저축은행 영업이익 전년比 24.7% 감소,바른저축은행는 2025년 12월 실적 관련 사항을 발표했다. 세부 내용은 공시 원문을 참고. 담당: 권시우 / 문의 IR팀.,
DN1019,2025-09-20,청해캐피탈,보도자료,ESG,청해캐피탈 ESG 등급 C 획득,청해캐피탈는 2025년 9월 ESG 관련 사항을 발표했다. 세부 내용은 공시 원문을 참고. 담당: 장예준 / 문의 IR팀.,
DN1003,2025.03.14,한결자산운용,뉴스,ESG,"한결자산운용, 탄소중립 로드맵 발표","- 한결자산운용는 2025년 3월 ESG 관련 사항을 발표했다
- 세부 내용은 공시 원문을 참고
- 담당: 강건우 / 문의 IR팀.",
DN1250,25/05/30,정도투자증권,기사,상품,정도투자증권 고금리 예금 특판 안내,정도투자증권는 2025년 5월 상품 관련 사항을 발표했다. 세부 내용은 공시 원문을 참고. 담당: 조지우 / 문의 IR팀.,1757.0
DN1084,2025-01-12,정도투자증권,보도자료,제재,[제재] 정도투자증권 기관경고 조치,정도투자증권는 2025년 1월 제재 관련 사항을 발표했다. 세부 내용은 공시 원문을 참고. 담당: 장건우 / 문의 IR팀.  (자세한 내용은 첨부파일 참조)   ,
DN1119,2026-03-06,정도투자증권,공시,ESG,"정도투자증권, 탄소중립 로드맵 발표",정도투자증권는 2026년 3월 ESG 관련 사항을 발표했다. 세부 내용은 공시 원문을 참고. 담당: 황서윤 / 문의 IR팀.,
DN1251,2025-10-07,새빛카드,뉴스,상품,새빛카드 모바일 금융앱 개편,"- 새빛카드는 2025년 10월 상품 관련 사항을 발표했다
- 세부 내용은 공시 원문을 참고
- 담당: 장도윤 / 문의 IR팀.",
DN1104,2025.11.26,미래소액금융,DART,상품,미래소액금융 고금리 예금 특판 안내,,7841.0
DN1249,2025-12-26,동방파이낸셜,공시,실적,"동방파이낸셜, 2024년 4분기 당기순이익 122억원 기록",동방파이낸셜는 2025년 12월 실적 관련 사항을 발표했다. 세부 내용은 공시 원문을 참고. 담당: 김민서 / 문의 IR팀.,
DN1282,2026-02-14,한빛캐피탈,공시,기타,한빛캐피탈 사옥 이전 안내,,
DN1130,2025-05-01,정도투자증권,공시,상품,정도투자증권 모바일 금융앱 개편,정도투자증권는 2025년 5월 상품 관련 사항을 발표했다. 세부 내용은 공시 원문을 참고. 담당: 조가은 / 문의 IR팀.,1237.0
DN1008,2025년 07월 20일,우리들생명,보도자료,ESG,우리들생명 ESG 등급 B 획득,"- 우리들생명는 2025년 7월 ESG 관련 사항을 발표했다
- 세부 내용은 공시 원문을 참고
- 담당: 윤지호 / 문의 IR팀.",
DN1224,2025-12-30,가온저축은행,공시,실적,"가온저축은행, 2024년 2분기 당기순이익 964억원 기록",가온저축은행는 2025년 12월 실적 관련 사항을 발표했다. 세부 내용은 공시 원문을 참고. 담당: 황다은 / 문의 IR팀.,4427.0
DN1207,2025-10-13,새빛카드,기사,상품,새빛카드 모바일 금융앱 개편,새빛카드는 2025년 10월 상품 관련 사항을 발표했다. 세부 내용은 공시 원문을 참고. 담당: 신유진 / 문의 IR팀.,3354.0
DN1160,2025-12-31,새빛카드,뉴스,배당,새빛카드 주당 490원 현금배당 결정,새빛카드는 2025년 12월 배당 관련 사항을 발표했다. 세부 내용은 공시 원문을 참고. 담당: 임서윤 / 문의 IR팀.,8944.0
DN1041,2025-07-24,미래소액금융,보도자료,리스크,[리스크] 미래소액금융 대손충당금 추가 적립,,5646.0
DN1007,2025년 07월 21일,동방파이낸셜,공시,상품,동방파이낸셜 모바일 금융앱 개편,"- 동방파이낸셜는 2025년 7월 상품 관련 사항을 발표했다
- 세부 내용은 공시 원문을 참고
- 담당: 조지우 / 문의 IR팀.",6445.0
DN1297,2026-01-19,미래소액금융,뉴스,리스크,"미래소액금융, 부동산 PF 익스포저 점검",미래소액금융는 2026년 1월 리스크 관련 사항을 발표했다. 세부 내용은 공시 원문을 참고. 담당: 조도윤 / 문의 IR팀.  (자세한 내용은 첨부파일 참조)   ,
DN1141,2025.11.13,바른저축은행,기사,상품,"바른저축은행, 신규 소액대출 상품 '바로직장인대출' 출시",바른저축은행는 2025년 11월 상품 관련 사항을 발표했다. 세부 내용은 공시 원문을 참고. 담당: 서지민 / 문의 IR팀.,
DN1025,2025-02-04,한빛캐피탈,DART,실적,[실적] 한빛캐피탈 영업이익 전년比 39.4% 감소,한빛캐피탈는 2025년 2월 실적 관련 사항을 발표했다. 세부 내용은 공시 원문을 참고. 담당: 최예준 / 문의 IR팀.,
DN1231,2025-06-13,정도투자증권,뉴스,배당,정도투자증권 주당 373원 현금배당 결정,"- 정도투자증권는 2025년 6월 배당 관련 사항을 발표했다
- 세부 내용은 공시 원문을 참고
- 담당: 황시우 / 문의 IR팀.",2984.0
DN1064,2026-01-26,바른저축은행,DART,리스크,"바른저축은행, 부동산 PF 익스포저 점검",,
DN1037,2025-01-17,미래소액금융,보도자료,실적,[실적] 미래소액금융 영업이익 전년比 3.4% 감소,,
DN1314,2025-05-22,한빛캐피탈,보도자료,리스크,"한빛캐피탈, 부동산 PF 익스포저 점검",,
DN1129,2025-05-25,한결자산운용,DART,공시정정,한결자산운용 정정신고(보고),,
DN1220,2025.08.30,새빛카드,공시,배당,새빛카드 중간배당 실시 공시,새빛카드는 2025년 8월 배당 관련 사항을 발표했다. 세부 내용은 공시 원문을 참고. 담당: 장건우 / 문의 IR팀.,2210.0
DN1093,2026-03-10,한빛캐피탈,공시,리스크,[리스크] 한빛캐피탈 대손충당금 추가 적립,"- 한빛캐피탈는 2026년 3월 리스크 관련 사항을 발표했다
- 세부 내용은 공시 원문을 참고
- 담당: 정채원 / 문의 IR팀.",8527.0
DN1269,2025-12-14,새빛카드,기사,인사,[인사] 새빛카드 조직개편 실시,새빛카드는 2025년 12월 인사 관련 사항을 발표했다. 세부 내용은 공시 원문을 참고. 담당: 최지민 / 문의 IR팀.,1880.0
DN1036,2025-10-25,정도투자증권,공시,공시정정,정도투자증권 정정신고(보고),"- 정도투자증권는 2025년 10월 공시정정 관련 사항을 발표했다
- 세부 내용은 공시 원문을 참고
- 담당: 홍민서 / 문의 IR팀.",4696.0
DN1173,2025-04-14,미래소액금융,보도자료,리스크,"미래소액금융, 부동산 PF 익스포저 점검",미래소액금융는 2025년 4월 리스크 관련 사항을 발표했다. 세부 내용은 공시 원문을 참고. 담당: 신도윤 / 문의 IR팀.,
DN1139,2025.12.26,한결자산운용,뉴스,ESG,"한결자산운용, 탄소중립 로드맵 발표",한결자산운용는 2025년 12월 ESG 관련 사항을 발표했다. 세부 내용은 공시 원문을 참고. 담당: 홍도윤 / 문의 IR팀.,384.0
DN1265,2025.01.03,새빛카드,기사,배당,새빛카드 중간배당 실시 공시,새빛카드는 2025년 1월 배당 관련 사항을 발표했다. 세부 내용은 공시 원문을 참고. 담당: 류채원 / 문의 IR팀.  (자세한 내용은 첨부파일 참조)   ,
DN1010,2025년 12월 08일,가온저축은행,뉴스,상품,가온저축은행 고금리 예금 특판 안내,,
DN1068,2025-09-02,미래소액금융,보도자료,제재,"미래소액금융, 금융당국 과태료 698억원 부과",미래소액금융는 2025년 9월 제재 관련 사항을 발표했다. 세부 내용은 공시 원문을 참고. 담당: 한도윤 / 문의 IR팀.,706.0
DN1306,2025년 10월 11일,가온저축은행,뉴스,리스크,[리스크] 가온저축은행 대손충당금 추가 적립,,
DN1097,2025.03.19,새빛카드,공시,ESG,새빛카드 ESG 등급 A 획득,새빛카드는 2025년 3월 ESG 관련 사항을 발표했다. 세부 내용은 공시 원문을 참고. 담당: 송서연 / 문의 IR팀.  (자세한 내용은 첨부파일 참조)   ,
DN1183,2025년 06월 25일,한결자산운용,보도자료,실적,한결자산운용 1Q 잠정실적 발표,한결자산운용는 2025년 6월 실적 관련 사항을 발표했다. 세부 내용은 공시 원문을 참고. 담당: 안시우 / 문의 IR팀.,889.0
DN1248,2025-07-21,우리들생명,보도자료,배당,우리들생명 주당 112원 현금배당 결정,우리들생명는 2025년 7월 배당 관련 사항을 발표했다. 세부 내용은 공시 원문을 참고. 담당: 한서윤 / 문의 IR팀.,
DN1046,2025-06-19,가온저축은행,뉴스,실적,"가온저축은행, 2024년 4분기 당기순이익 1118억원 기록",가온저축은행는 2025년 6월 실적 관련 사항을 발표했다. 세부 내용은 공시 원문을 참고. 담당: 윤하준 / 문의 IR팀.,
DN1255,2025-06-11,동방파이낸셜,보도자료,상품,동방파이낸셜 고금리 예금 특판 안내,동방파이낸셜는 2025년 6월 상품 관련 사항을 발표했다. 세부 내용은 공시 원문을 참고. 담당: 황지호 / 문의 IR팀.,
DN1233,2026-01-20,청해캐피탈,기사,실적,"청해캐피탈, 2024년 1분기 당기순이익 1178억원 기록","- 청해캐피탈는 2026년 1월 실적 관련 사항을 발표했다
- 세부 내용은 공시 원문을 참고
- 담당: 윤민서 / 문의 IR팀.",
DN1266,2025.08.18,가온저축은행,보도자료,실적,가온저축은행 1Q 잠정실적 발표,"- 가온저축은행는 2025년 8월 실적 관련 사항을 발표했다
- 세부 내용은 공시 원문을 참고
- 담당: 임하준 / 문의 IR팀.",
DN1071,25/01/03,동방파이낸셜,공시,상품,동방파이낸셜 고금리 예금 특판 안내,동방파이낸셜는 2025년 1월 상품 관련 사항을 발표했다. 세부 내용은 공시 원문을 참고. 담당: 최채원 / 문의 IR팀.,
DN1211,2025.08.03,우리들생명,뉴스,배당,우리들생명 주당 1169원 현금배당 결정,"- 우리들생명는 2025년 8월 배당 관련 사항을 발표했다
- 세부 내용은 공시 원문을 참고
- 담당: 최수아 / 문의 IR팀.",
DN1287,2025년 06월 10일,가온저축은행,공시,상품,가온저축은행 고금리 예금 특판 안내,가온저축은행는 2025년 6월 상품 관련 사항을 발표했다. 세부 내용은 공시 원문을 참고. 담당: 서태양 / 문의 IR팀.,
DN1170,2026.02.05,미래소액금융,보도자료,인사,미래소액금융 신임 대표이사에 김유진 선임,"- 미래소액금융는 2026년 2월 인사 관련 사항을 발표했다
- 세부 내용은 공시 원문을 참고
- 담당: 김유진 / 문의 IR팀.",400.0
DN1159,2025.10.02,정도투자증권,보도자료,,"정도투자증권, 임원 인사 단행",정도투자증권는 2025년 10월 인사 관련 사항을 발표했다. 세부 내용은 공시 원문을 참고. 담당: 이가은 / 문의 IR팀.  (자세한 내용은 첨부파일 참조)   ,8563.0
DN1053,26/03/18,동방파이낸셜,보도자료,리스크,"동방파이낸셜, 부동산 PF 익스포저 점검",동방파이낸셜는 2026년 3월 리스크 관련 사항을 발표했다. 세부 내용은 공시 원문을 참고. 담당: 최민서 / 문의 IR팀.,
DN1274,2025-02-13,우리들생명,DART,실적,[실적] 우리들생명 영업이익 전년比 24.4% 감소,우리들생명는 2025년 2월 실적 관련 사항을 발표했다. 세부 내용은 공시 원문을 참고. 담당: 최서연 / 문의 IR팀.  (자세한 내용은 첨부파일 참조)   ,5150.0
DN1295,25/09/27,정도투자증권,공시,실적,정도투자증권 4Q 잠정실적 발표,정도투자증권는 2025년 9월 실적 관련 사항을 발표했다. 세부 내용은 공시 원문을 참고. 담당: 전시우 / 문의 IR팀.,
DN1308,2025년 04월 05일,청해캐피탈,공시,기타,청해캐피탈 정기주주총회 개최 공고,"- 청해캐피탈는 2025년 4월 기타 관련 사항을 발표했다
- 세부 내용은 공시 원문을 참고
- 담당: 오민서 / 문의 IR팀.",7407.0
DN1134,2025.05.22,한결자산운용,뉴스,,한결자산운용 신임 대표이사에 오다은 선임,한결자산운용는 2025년 5월 인사 관련 사항을 발표했다. 세부 내용은 공시 원문을 참고. 담당: 오다은 / 문의 IR팀.,6319.0
DN1195,2025-03-13,한결자산운용,공시,실적,[실적] 한결자산운용 영업이익 전년比 31.3% 감소,,5146.0
DN1090,2025.05.22,우리들생명,보도자료,상품,우리들생명 모바일 금융앱 개편,"- 우리들생명는 2025년 5월 상품 관련 사항을 발표했다
- 세부 내용은 공시 원문을 참고
- 담당: 안가은 / 문의 IR팀.",6331.0
DN1261,2025-02-14,한빛캐피탈,보도자료,상품,한빛캐피탈 모바일 금융앱 개편,한빛캐피탈는 2025년 2월 상품 관련 사항을 발표했다. 세부 내용은 공시 원문을 참고. 담당: 이민서 / 문의 IR팀.,
DN1241,2025.09.03,바른저축은행,DART,기타,바른저축은행 사옥 이전 안내,바른저축은행는 2025년 9월 기타 관련 사항을 발표했다. 세부 내용은 공시 원문을 참고. 담당: 조지호 / 문의 IR팀.,3426.0
DN1166,25/06/24,새빛카드,공시,실적,[실적] 새빛카드 영업이익 전년比 3.8% 증가,새빛카드는 2025년 6월 실적 관련 사항을 발표했다. 세부 내용은 공시 원문을 참고. 담당: 윤서연 / 문의 IR팀.,
DN1076,2025.10.19,한빛캐피탈,공시,상품,한빛캐피탈 고금리 예금 특판 안내,한빛캐피탈는 2025년 10월 상품 관련 사항을 발표했다. 세부 내용은 공시 원문을 참고. 담당: 윤민준 / 문의 IR팀.,
DN1147,2025-10-10,새빛카드,뉴스,실적,[실적] 새빛카드 영업이익 전년比 32.1% 증가,새빛카드는 2025년 10월 실적 관련 사항을 발표했다. 세부 내용은 공시 원문을 참고. 담당: 황준서 / 문의 IR팀.,
DN1136,2025-06-09,동방파이낸셜,뉴스,,[실적] 동방파이낸셜 영업이익 전년比 36.5% 증가,동방파이낸셜는 2025년 6월 실적 관련 사항을 발표했다. 세부 내용은 공시 원문을 참고. 담당: 류예준 / 문의 IR팀.,
DN1169,2025.02.09,미래소액금융,기사,리스크,[리스크] 미래소액금융 대손충당금 추가 적립,"- 미래소액금융는 2025년 2월 리스크 관련 사항을 발표했다
- 세부 내용은 공시 원문을 참고
- 담당: 류채원 / 문의 IR팀.",6652.0
DN1075,2025년 09월 23일,바른저축은행,보도자료,합병,바른저축은행 자회사 합병 결정,,3268.0
DN1288,2025년 04월 26일,한결자산운용,보도자료,상품,한결자산운용 고금리 예금 특판 안내,한결자산운용는 2025년 4월 상품 관련 사항을 발표했다. 세부 내용은 공시 원문을 참고. 담당: 신건우 / 문의 IR팀.,
DN1168,2025.09.12,바른저축은행,보도자료,리스크,"바른저축은행, 부동산 PF 익스포저 점검",바른저축은행는 2025년 9월 리스크 관련 사항을 발표했다. 세부 내용은 공시 원문을 참고. 담당: 류가은 / 문의 IR팀.,965.0
DN1046,2025-06-19,가온저축은행,뉴스,실적,"가온저축은행, 2024년 4분기 당기순이익 1118억원 기록",가온저축은행는 2025년 6월 실적 관련 사항을 발표했다. 세부 내용은 공시 원문을 참고. 담당: 윤하준 / 문의 IR팀.,
DN1292,2025-11-03,미래소액금융,공시,실적,미래소액금융 4Q 잠정실적 발표,미래소액금융는 2025년 11월 실적 관련 사항을 발표했다. 세부 내용은 공시 원문을 참고. 담당: 홍수아 / 문의 IR팀.,4715.0
DN1315,2025.09.10,한결자산운용,공시,리스크,[리스크] 한결자산운용 대손충당금 추가 적립,"- 한결자산운용는 2025년 9월 리스크 관련 사항을 발표했다
- 세부 내용은 공시 원문을 참고
- 담당: 최준서 / 문의 IR팀.",
DN1225,2025.06.02,우리들생명,보도자료,리스크,"우리들생명, 부동산 PF 익스포저 점검",우리들생명는 2025년 6월 리스크 관련 사항을 발표했다. 세부 내용은 공시 원문을 참고. 담당: 최태양 / 문의 IR팀.,8928.0
DN1115,2025-07-15,새빛카드,공시,상품,새빛카드 고금리 예금 특판 안내,새빛카드는 2025년 7월 상품 관련 사항을 발표했다. 세부 내용은 공시 원문을 참고. 담당: 전지호 / 문의 IR팀.,
DN1176,2025년 07월 12일,한결자산운용,보도자료,인사,"한결자산운용, 임원 인사 단행",한결자산운용는 2025년 7월 인사 관련 사항을 발표했다. 세부 내용은 공시 원문을 참고. 담당: 김시우 / 문의 IR팀.,6675.0
DN1310,2025년 08월 15일,가온저축은행,공시,실적,[실적] 가온저축은행 영업이익 전년比 15.7% 감소,,7015.0
DN1121,2025.12.09,새빛카드,기사,인사,[인사] 새빛카드 조직개편 실시,새빛카드는 2025년 12월 인사 관련 사항을 발표했다. 세부 내용은 공시 원문을 참고. 담당: 송유진 / 문의 IR팀.,
DN1234,2025-09-01,새빛카드,기사,실적,[실적] 새빛카드 영업이익 전년比 1.2% 증가,새빛카드는 2025년 9월 실적 관련 사항을 발표했다. 세부 내용은 공시 원문을 참고. 담당: 안하준 / 문의 IR팀.,
DN1048,2025.12.22,미래소액금융,공시,합병,미래소액금융 자회사 합병 결정,미래소액금융는 2025년 12월 합병 관련 사항을 발표했다. 세부 내용은 공시 원문을 참고. 담당: 박시우 / 문의 IR팀.,
DN1263,25/04/15,미래소액금융,공시,상품,미래소액금융 고금리 예금 특판 안내,미래소액금융는 2025년 4월 상품 관련 사항을 발표했다. 세부 내용은 공시 원문을 참고. 담당: 박지우 / 문의 IR팀.,2121.0
DN1215,2025.11.10,,공시,리스크,가온저축은행 연체율 41.7%로 상승…건전성 관리 강화,가온저축은행는 2025년 11월 리스크 관련 사항을 발표했다. 세부 내용은 공시 원문을 참고. 담당: 박수아 / 문의 IR팀.  (자세한 내용은 첨부파일 참조)   ,
DN1318,2025.12.23,미래소액금융,DART,리스크,"미래소액금융, 부동산 PF 익스포저 점검",미래소액금융는 2025년 12월 리스크 관련 사항을 발표했다. 세부 내용은 공시 원문을 참고. 담당: 송가은 / 문의 IR팀.,
DN1052,2026-02-26,,기사,리스크,"가온저축은행, 부동산 PF 익스포저 점검",가온저축은행는 2026년 2월 리스크 관련 사항을 발표했다. 세부 내용은 공시 원문을 참고. 담당: 송태양 / 문의 IR팀.,
DN1273,2025-03-13,청해캐피탈,공시,공시정정,[정정] 청해캐피탈 분기보고서 일부 정정,청해캐피탈는 2025년 3월 공시정정 관련 사항을 발표했다. 세부 내용은 공시 원문을 참고. 담당: 조민서 / 문의 IR팀.  (자세한 내용은 첨부파일 참조)   ,1286.0
DN1182,2025.03.09,가온저축은행,DART,상품,"가온저축은행, 신규 소액대출 상품 '희망드림론' 출시",가온저축은행는 2025년 3월 상품 관련 사항을 발표했다. 세부 내용은 공시 원문을 참고. 담당: 류민준 / 문의 IR팀.  (자세한 내용은 첨부파일 참조)   ,3532.0
DN1018,2026.03.09,한결자산운용,공시,상품,한결자산운용 고금리 예금 특판 안내,"- 한결자산운용는 2026년 3월 상품 관련 사항을 발표했다
- 세부 내용은 공시 원문을 참고
- 담당: 신준서 / 문의 IR팀.",
DN1027,2025.11.09,한빛캐피탈,공시,제재,"한빛캐피탈, 금융당국 과태료 179억원 부과",한빛캐피탈는 2025년 11월 제재 관련 사항을 발표했다. 세부 내용은 공시 원문을 참고. 담당: 이서윤 / 문의 IR팀.,
DN1132,2025-09-18,청해캐피탈,뉴스,기타,청해캐피탈 정기주주총회 개최 공고,,
DN1197,2025-11-24,,공시,ESG,바른저축은행 ESG 등급 B 획득,"- 바른저축은행는 2025년 11월 ESG 관련 사항을 발표했다
- 세부 내용은 공시 원문을 참고
- 담당: 최가은 / 문의 IR팀.",8586.0
DN1026,26/03/21,바른저축은행,뉴스,ESG,"바른저축은행, 탄소중립 로드맵 발표",바른저축은행는 2026년 3월 ESG 관련 사항을 발표했다. 세부 내용은 공시 원문을 참고. 담당: 오수아 / 문의 IR팀.  (자세한 내용은 첨부파일 참조)   ,7675.0
DN1123,2025년 09월 20일,정도투자증권,뉴스,상품,정도투자증권 고금리 예금 특판 안내,정도투자증권는 2025년 9월 상품 관련 사항을 발표했다. 세부 내용은 공시 원문을 참고. 담당: 조하준 / 문의 IR팀.  (자세한 내용은 첨부파일 참조)   ,
DN1243,2025.11.14,동방파이낸셜,기사,제재,[제재] 동방파이낸셜 기관경고 조치,,
DN1029,2025.05.22,가온저축은행,기사,실적,"가온저축은행, 2025년 3분기 당기순이익 19억원 기록",가온저축은행는 2025년 5월 실적 관련 사항을 발표했다. 세부 내용은 공시 원문을 참고. 담당: 안서윤 / 문의 IR팀.,6068.0
DN1146,2025.10.01,동방파이낸셜,뉴스,리스크,"동방파이낸셜, 부동산 PF 익스포저 점검",동방파이낸셜는 2025년 10월 리스크 관련 사항을 발표했다. 세부 내용은 공시 원문을 참고. 담당: 류도윤 / 문의 IR팀.,
DN1063,2025-07-23,미래소액금융,DART,실적,미래소액금융 1Q 잠정실적 발표,"- 미래소액금융는 2025년 7월 실적 관련 사항을 발표했다
- 세부 내용은 공시 원문을 참고
- 담당: 이서연 / 문의 IR팀.",
DN1090,2025.05.22,우리들생명,보도자료,상품,우리들생명 모바일 금융앱 개편,"- 우리들생명는 2025년 5월 상품 관련 사항을 발표했다
- 세부 내용은 공시 원문을 참고
- 담당: 안가은 / 문의 IR팀.",6331.0
DN1226,2025-11-21,청해캐피탈,뉴스,배당,청해캐피탈 주당 412원 현금배당 결정,청해캐피탈는 2025년 11월 배당 관련 사항을 발표했다. 세부 내용은 공시 원문을 참고. 담당: 김지우 / 문의 IR팀.,
DN1317,2026-03-17,새빛카드,기사,리스크,새빛카드 연체율 25.4%로 상승…건전성 관리 강화,"- 새빛카드는 2026년 3월 리스크 관련 사항을 발표했다
- 세부 내용은 공시 원문을 참고
- 담당: 전준서 / 문의 IR팀.",
DN1142,2025-03-12,가온저축은행,DART,실적,[실적] 가온저축은행 영업이익 전년比 15.1% 증가,가온저축은행는 2025년 3월 실적 관련 사항을 발표했다. 세부 내용은 공시 원문을 참고. 담당: 김민서 / 문의 IR팀.,
DN1098,2026-02-16,청해캐피탈,공시,합병,청해캐피탈 자회사 합병 결정,"- 청해캐피탈는 2026년 2월 합병 관련 사항을 발표했다
- 세부 내용은 공시 원문을 참고
- 담당: 박민준 / 문의 IR팀.",5941.0
DN1016,2025년 06월 09일,한결자산운용,공시,ESG,한결자산운용 ESG 등급 B 획득,한결자산운용는 2025년 6월 ESG 관련 사항을 발표했다. 세부 내용은 공시 원문을 참고. 담당: 이유진 / 문의 IR팀.  (자세한 내용은 첨부파일 참조)   ,
DN1252,2025-03-14,,공시,실적,[실적] 청해캐피탈 영업이익 전년比 42.3% 증가,청해캐피탈는 2025년 3월 실적 관련 사항을 발표했다. 세부 내용은 공시 원문을 참고. 담당: 전현우 / 문의 IR팀.,
DN1131,2026-01-05,가온저축은행,공시,상품,가온저축은행 고금리 예금 특판 안내,가온저축은행는 2026년 1월 상품 관련 사항을 발표했다. 세부 내용은 공시 원문을 참고. 담당: 박하준 / 문의 IR팀.,
DN1154,25/07/20,동방파이낸셜,기사,배당,동방파이낸셜 주당 248원 현금배당 결정,,623.0
DN1253,2026년 01월 25일,청해캐피탈,공시,실적,"청해캐피탈, 2024년 4분기 당기순이익 431억원 기록",청해캐피탈는 2026년 1월 실적 관련 사항을 발표했다. 세부 내용은 공시 원문을 참고. 담당: 강하준 / 문의 IR팀.,3099.0
DN1060,2025년 04월 05일,바른저축은행,DART,기타,바른저축은행 사옥 이전 안내,,
DN1045,2025.02.20,동방파이낸셜,공시,실적,"동방파이낸셜, 2024년 2분기 당기순이익 934억원 기록",동방파이낸셜는 2025년 2월 실적 관련 사항을 발표했다. 세부 내용은 공시 원문을 참고. 담당: 한서연 / 문의 IR팀.,
DN1270,2025-03-21,청해캐피탈,공시,배당,청해캐피탈 중간배당 실시 공시,청해캐피탈는 2025년 3월 배당 관련 사항을 발표했다. 세부 내용은 공시 원문을 참고. 담당: 최다은 / 문의 IR팀.,
DN1096,2025.05.02,청해캐피탈,뉴스,실적,"청해캐피탈, 2024년 3분기 당기순이익 380억원 기록",청해캐피탈는 2025년 5월 실적 관련 사항을 발표했다. 세부 내용은 공시 원문을 참고. 담당: 류시우 / 문의 IR팀.,
DN1009,2026-01-06,정도투자증권,공시,실적,"정도투자증권, 2025년 3분기 당기순이익 689억원 기록",정도투자증권는 2026년 1월 실적 관련 사항을 발표했다. 세부 내용은 공시 원문을 참고. 담당: 박민서 / 문의 IR팀.,
DN1128,25/02/27,새빛카드,보도자료,리스크,"새빛카드, 부동산 PF 익스포저 점검",새빛카드는 2025년 2월 리스크 관련 사항을 발표했다. 세부 내용은 공시 원문을 참고. 담당: 강유진 / 문의 IR팀.,
DN1050,2025-10-27,한결자산운용,뉴스,배당,한결자산운용 중간배당 실시 공시,한결자산운용는 2025년 10월 배당 관련 사항을 발표했다. 세부 내용은 공시 원문을 참고. 담당: 임민서 / 문의 IR팀.  (자세한 내용은 첨부파일 참조)   ,6999.0
DN1201,2025-10-02,한빛캐피탈,기사,배당,한빛캐피탈 주당 542원 현금배당 결정,"- 한빛캐피탈는 2025년 10월 배당 관련 사항을 발표했다
- 세부 내용은 공시 원문을 참고
- 담당: 윤하준 / 문의 IR팀.",
DN1219,2026.01.12,동방파이낸셜,뉴스,배당,동방파이낸셜 주당 205원 현금배당 결정,동방파이낸셜는 2026년 1월 배당 관련 사항을 발표했다. 세부 내용은 공시 원문을 참고. 담당: 신다은 / 문의 IR팀.,
DN1313,2025-07-29,동방파이낸셜,뉴스,인사,[인사] 동방파이낸셜 조직개편 실시,,
DN1122,2025.11.21,동방파이낸셜,공시,리스크,[리스크] 동방파이낸셜 대손충당금 추가 적립,동방파이낸셜는 2025년 11월 리스크 관련 사항을 발표했다. 세부 내용은 공시 원문을 참고. 담당: 임채원 / 문의 IR팀.  (자세한 내용은 첨부파일 참조)   ,
DN1074,25/03/20,한결자산운용,공시,배당,한결자산운용 중간배당 실시 공시,한결자산운용는 2025년 3월 배당 관련 사항을 발표했다. 세부 내용은 공시 원문을 참고. 담당: 김준서 / 문의 IR팀.,
DN1303,2025-07-24,가온저축은행,뉴스,실적,"가온저축은행, 2024년 3분기 당기순이익 228억원 기록",가온저축은행는 2025년 7월 실적 관련 사항을 발표했다. 세부 내용은 공시 원문을 참고. 담당: 윤지민 / 문의 IR팀.,
DN1298,2025년 02월 03일,한빛캐피탈,공시,배당,한빛캐피탈 중간배당 실시 공시,한빛캐피탈는 2025년 2월 배당 관련 사항을 발표했다. 세부 내용은 공시 원문을 참고. 담당: 류태양 / 문의 IR팀.,
DN1172,2025.05.10,미래소액금융,기사,실적,[실적] 미래소액금융 영업이익 전년比 8.3% 감소,"- 미래소액금융는 2025년 5월 실적 관련 사항을 발표했다
- 세부 내용은 공시 원문을 참고
- 담당: 이다은 / 문의 IR팀.",
DN1157,2026-02-01,가온저축은행,보도자료,인사,[인사] 가온저축은행 조직개편 실시,가온저축은행는 2026년 2월 인사 관련 사항을 발표했다. 세부 내용은 공시 원문을 참고. 담당: 권수아 / 문의 IR팀.  (자세한 내용은 첨부파일 참조)   ,8215.0
DN1002,2026.02.05,미래소액금융,뉴스,인사,미래소액금융 신임 대표이사에 안예준 선임,미래소액금융는 2026년 2월 인사 관련 사항을 발표했다. 세부 내용은 공시 원문을 참고. 담당: 안예준 / 문의 IR팀.,
DN1262,2025.07.12,우리들생명,뉴스,인사,"우리들생명, 임원 인사 단행",우리들생명는 2025년 7월 인사 관련 사항을 발표했다. 세부 내용은 공시 원문을 참고. 담당: 전지우 / 문의 IR팀.,8059.0
DN1012,2026년 01월 10일,한빛캐피탈,뉴스,합병,"한빛캐피탈, 바른저축은행 흡수합병 추진",한빛캐피탈는 2026년 1월 합병 관련 사항을 발표했다. 세부 내용은 공시 원문을 참고. 담당: 장현우 / 문의 IR팀.,
DN1006,2025-11-12,한빛캐피탈,공시,기타,한빛캐피탈 관련 안내문,한빛캐피탈는 2025년 11월 기타 관련 사항을 발표했다. 세부 내용은 공시 원문을 참고. 담당: 홍채원 / 문의 IR팀.,
DN1259,2025년 04월 26일,동방파이낸셜,보도자료,리스크,동방파이낸셜 연체율 34.3%로 상승…건전성 관리 강화,동방파이낸셜는 2025년 4월 리스크 관련 사항을 발표했다. 세부 내용은 공시 원문을 참고. 담당: 황태양 / 문의 IR팀.  (자세한 내용은 첨부파일 참조)   ,
DN1221,25/02/13,한빛캐피탈,공시,인사,한빛캐피탈 신임 대표이사에 황수아 선임,한빛캐피탈는 2025년 2월 인사 관련 사항을 발표했다. 세부 내용은 공시 원문을 참고. 담당: 황수아 / 문의 IR팀.,
DN1200,2026-03-23,바른저축은행,기사,배당,바른저축은행 주당 554원 현금배당 결정,"- 바른저축은행는 2026년 3월 배당 관련 사항을 발표했다
- 세부 내용은 공시 원문을 참고
- 담당: 송서연 / 문의 IR팀.",
DN1092,2025.01.24,가온저축은행,보도자료,기타,가온저축은행 관련 안내문,가온저축은행는 2025년 1월 기타 관련 사항을 발표했다. 세부 내용은 공시 원문을 참고. 담당: 신현우 / 문의 IR팀.,
DN1102,2026-01-15,바른저축은행,기사,실적,바른저축은행 1Q 잠정실적 발표,바른저축은행는 2026년 1월 실적 관련 사항을 발표했다. 세부 내용은 공시 원문을 참고. 담당: 강준서 / 문의 IR팀.,5447.0
DN1230,2025.10.16,우리들생명,DART,실적,[실적] 우리들생명 영업이익 전년比 34.9% 증가,우리들생명는 2025년 10월 실적 관련 사항을 발표했다. 세부 내용은 공시 원문을 참고. 담당: 신가은 / 문의 IR팀.,
DN1163,2025-06-25,바른저축은행,DART,상품,바른저축은행 모바일 금융앱 개편,바른저축은행는 2025년 6월 상품 관련 사항을 발표했다. 세부 내용은 공시 원문을 참고. 담당: 박도윤 / 문의 IR팀.  (자세한 내용은 첨부파일 참조)   ,
DN1268,2025-02-02,가온저축은행,뉴스,상품,가온저축은행 모바일 금융앱 개편,가온저축은행는 2025년 2월 상품 관련 사항을 발표했다. 세부 내용은 공시 원문을 참고. 담당: 류수아 / 문의 IR팀.,
DN1208,2026년 03월 12일,정도투자증권,공시,인사,[인사] 정도투자증권 조직개편 실시,정도투자증권는 2026년 3월 인사 관련 사항을 발표했다. 세부 내용은 공시 원문을 참고. 담당: 김가은 / 문의 IR팀.,2885.0
DN1256,2026년 01월 08일,한빛캐피탈,DART,공시정정,한빛캐피탈 정정신고(보고),"- 한빛캐피탈는 2026년 1월 공시정정 관련 사항을 발표했다
- 세부 내용은 공시 원문을 참고
- 담당: 김수아 / 문의 IR팀.",
DN1078,2025.09.26,동방파이낸셜,뉴스,상품,"동방파이낸셜, 신규 소액대출 상품 '사장님우대론' 출시",,
DN1054,2025년 11월 25일,청해캐피탈,공시,상품,청해캐피탈 모바일 금융앱 개편,"- 청해캐피탈는 2025년 11월 상품 관련 사항을 발표했다
- 세부 내용은 공시 원문을 참고
- 담당: 신서윤 / 문의 IR팀.",
DN1296,2025년 05월 01일,가온저축은행,DART,실적,가온저축은행 1Q 잠정실적 발표,가온저축은행는 2025년 5월 실적 관련 사항을 발표했다. 세부 내용은 공시 원문을 참고. 담당: 홍지민 / 문의 IR팀.,
DN1020,2025.12.20,청해캐피탈,공시,배당,청해캐피탈 중간배당 실시 공시,청해캐피탈는 2025년 12월 배당 관련 사항을 발표했다. 세부 내용은 공시 원문을 참고. 담당: 박시우 / 문의 IR팀.,
DN1143,2025-02-23,가온저축은행,공시,실적,"가온저축은행, 2025년 3분기 당기순이익 63억원 기록",,84.0
DN1118,2025-10-07,미래소액금융,뉴스,배당,미래소액금융 주당 406원 현금배당 결정,미래소액금융는 2025년 10월 배당 관련 사항을 발표했다. 세부 내용은 공시 원문을 참고. 담당: 한현우 / 문의 IR팀.,5280.0
DN1271,2026.01.15,한빛캐피탈,DART,실적,한빛캐피탈 1Q 잠정실적 발표,한빛캐피탈는 2026년 1월 실적 관련 사항을 발표했다. 세부 내용은 공시 원문을 참고. 담당: 서예준 / 문의 IR팀.,
DN1028,25/08/31,동방파이낸셜,공시,실적,[실적] 동방파이낸셜 영업이익 전년比 12.2% 증가,동방파이낸셜는 2025년 8월 실적 관련 사항을 발표했다. 세부 내용은 공시 원문을 참고. 담당: 전하준 / 문의 IR팀.,
DN1319,2025-12-28,새빛카드,기사,합병,새빛카드 자회사 합병 결정,"- 새빛카드는 2025년 12월 합병 관련 사항을 발표했다
- 세부 내용은 공시 원문을 참고
- 담당: 안태양 / 문의 IR팀.",
DN1194,2025.05.11,새빛카드,DART,공시정정,새빛카드 정정신고(보고),새빛카드는 2025년 5월 공시정정 관련 사항을 발표했다. 세부 내용은 공시 원문을 참고. 담당: 안건우 / 문의 IR팀.,
DN1228,2025-07-06,한빛캐피탈,기사,실적,[실적] 한빛캐피탈 영업이익 전년比 5.7% 증가,한빛캐피탈는 2025년 7월 실적 관련 사항을 발표했다. 세부 내용은 공시 원문을 참고. 담당: 홍시우 / 문의 IR팀.,
DN1304,2025년 11월 25일,새빛카드,기사,실적,[실적] 새빛카드 영업이익 전년比 43.6% 감소,,308.0
DN1073,2025-10-08,한결자산운용,DART,기타,한결자산운용 사옥 이전 안내,,
DN1133,2026년 01월 14일,미래소액금융,공시,합병,"미래소액금융, 한빛캐피탈 흡수합병 추진","- 미래소액금융는 2026년 1월 합병 관련 사항을 발표했다
- 세부 내용은 공시 원문을 참고
- 담당: 박건우 / 문의 IR팀.",
DN1290,2025.05.07,미래소액금융,공시,ESG,"미래소액금융, 탄소중립 로드맵 발표",,
DN1155,2025년 06월 14일,가온저축은행,공시,공시정정,가온저축은행 정정신고(보고),가온저축은행는 2025년 6월 공시정정 관련 사항을 발표했다. 세부 내용은 공시 원문을 참고. 담당: 안다은 / 문의 IR팀.,1064.0
DN1095,2025년 01월 29일,정도투자증권,보도자료,배당,정도투자증권 주당 617원 현금배당 결정,정도투자증권는 2025년 1월 배당 관련 사항을 발표했다. 세부 내용은 공시 원문을 참고. 담당: 윤지호 / 문의 IR팀.,
DN1049,2026년 03월 10일,가온저축은행,공시,기타,가온저축은행 사옥 이전 안내,가온저축은행는 2026년 3월 기타 관련 사항을 발표했다. 세부 내용은 공시 원문을 참고. 담당: 윤유진 / 문의 IR팀.,
DN1023,2025-05-10,정도투자증권,공시,실적,정도투자증권 2Q 잠정실적 발표,정도투자증권는 2025년 5월 실적 관련 사항을 발표했다. 세부 내용은 공시 원문을 참고. 담당: 오시우 / 문의 IR팀.,1947.0
DN1212,2025년 10월 10일,새빛카드,뉴스,공시정정,새빛카드 정정신고(보고),새빛카드는 2025년 10월 공시정정 관련 사항을 발표했다. 세부 내용은 공시 원문을 참고. 담당: 장지우 / 문의 IR팀.,
DN1041,2025-07-24,미래소액금융,보도자료,리스크,[리스크] 미래소액금융 대손충당금 추가 적립,,5646.0
DN1214,2025년 11월 09일,정도투자증권,공시,합병,"정도투자증권, 미래소액금융 흡수합병 추진","- 정도투자증권는 2025년 11월 합병 관련 사항을 발표했다
- 세부 내용은 공시 원문을 참고
- 담당: 이지호 / 문의 IR팀.",
DN1021,2025.02.09,한빛캐피탈,공시,실적,"한빛캐피탈, 2025년 4분기 당기순이익 203억원 기록",한빛캐피탈는 2025년 2월 실적 관련 사항을 발표했다. 세부 내용은 공시 원문을 참고. 담당: 전서윤 / 문의 IR팀.,
DN1276,2025-06-05,미래소액금융,보도자료,리스크,[리스크] 미래소액금융 대손충당금 추가 적립,미래소액금융는 2025년 6월 리스크 관련 사항을 발표했다. 세부 내용은 공시 원문을 참고. 담당: 권하준 / 문의 IR팀.,6815.0
DN1232,2025-06-09,가온저축은행,DART,상품,"가온저축은행, 신규 소액대출 상품 '새출발론' 출시",가온저축은행는 2025년 6월 상품 관련 사항을 발표했다. 세부 내용은 공시 원문을 참고. 담당: 최건우 / 문의 IR팀.,
DN1192,2025.10.30,미래소액금융,보도자료,상품,미래소액금융 모바일 금융앱 개편,미래소액금융는 2025년 10월 상품 관련 사항을 발표했다. 세부 내용은 공시 원문을 참고. 담당: 조준서 / 문의 IR팀.,
DN1153,2025.12.03,한빛캐피탈,뉴스,제재,[제재] 한빛캐피탈 기관경고 조치,한빛캐피탈는 2025년 12월 제재 관련 사항을 발표했다. 세부 내용은 공시 원문을 참고. 담당: 이준서 / 문의 IR팀.  (자세한 내용은 첨부파일 참조)   ,
DN1094,2025-01-03,우리들생명,공시,인사,[인사] 우리들생명 조직개편 실시,우리들생명는 2025년 1월 인사 관련 사항을 발표했다. 세부 내용은 공시 원문을 참고. 담당: 안준서 / 문의 IR팀.,
DN1056,2025-10-25,한결자산운용,뉴스,배당,한결자산운용 중간배당 실시 공시,"- 한결자산운용는 2025년 10월 배당 관련 사항을 발표했다
- 세부 내용은 공시 원문을 참고
- 담당: 임수아 / 문의 IR팀.",
DN1125,2025년 09월 23일,미래소액금융,DART,인사,미래소액금융 신임 대표이사에 오유진 선임,"- 미래소액금융는 2025년 9월 인사 관련 사항을 발표했다
- 세부 내용은 공시 원문을 참고
- 담당: 오유진 / 문의 IR팀.",
DN1242,2025-05-09,바른저축은행,공시,상품,바른저축은행 모바일 금융앱 개편,바른저축은행는 2025년 5월 상품 관련 사항을 발표했다. 세부 내용은 공시 원문을 참고. 담당: 윤도윤 / 문의 IR팀.,
DN1039,2025-03-03,한결자산운용,뉴스,실적,한결자산운용 4Q 잠정실적 발표,한결자산운용는 2025년 3월 실적 관련 사항을 발표했다. 세부 내용은 공시 원문을 참고. 담당: 홍가은 / 문의 IR팀.,8254.0
DN1184,2025-03-01,가온저축은행,기사,실적,[실적] 가온저축은행 영업이익 전년比 23.5% 감소,가온저축은행는 2025년 3월 실적 관련 사항을 발표했다. 세부 내용은 공시 원문을 참고. 담당: 안준서 / 문의 IR팀.,
DN1111,2025-06-13,미래소액금융,공시,공시정정,[정정] 미래소액금융 분기보고서 일부 정정,"- 미래소액금융는 2025년 6월 공시정정 관련 사항을 발표했다
- 세부 내용은 공시 원문을 참고
- 담당: 강유진 / 문의 IR팀.",
DN1032,2026.01.30,새빛카드,보도자료,상품,"새빛카드, 신규 소액대출 상품 '사장님우대론' 출시",,4486.0
DN1203,2025년 08월 12일,미래소액금융,뉴스,리스크,[리스크] 미래소액금융 대손충당금 추가 적립,미래소액금융는 2025년 8월 리스크 관련 사항을 발표했다. 세부 내용은 공시 원문을 참고. 담당: 정민서 / 문의 IR팀.  (자세한 내용은 첨부파일 참조)   ,
DN1307,2025-10-26,바른저축은행,기사,리스크,바른저축은행 연체율 20.0%로 상승…건전성 관리 강화,"- 바른저축은행는 2025년 10월 리스크 관련 사항을 발표했다
- 세부 내용은 공시 원문을 참고
- 담당: 정건우 / 문의 IR팀.",895.0
DN1040,2025년 09월 29일,동방파이낸셜,공시,기타,동방파이낸셜 관련 안내문,동방파이낸셜는 2025년 9월 기타 관련 사항을 발표했다. 세부 내용은 공시 원문을 참고. 담당: 신지호 / 문의 IR팀.,213.0
DN1091,2025년 04월 30일,한빛캐피탈,공시,인사,한빛캐피탈 신임 대표이사에 홍건우 선임,한빛캐피탈는 2025년 4월 인사 관련 사항을 발표했다. 세부 내용은 공시 원문을 참고. 담당: 홍건우 / 문의 IR팀.  (자세한 내용은 첨부파일 참조)   ,3869.0
DN1083,2025.06.22,청해캐피탈,공시,제재,[제재] 청해캐피탈 기관경고 조치,,
DN1280,2025-08-10,한빛캐피탈,공시,상품,한빛캐피탈 고금리 예금 특판 안내,"- 한빛캐피탈는 2025년 8월 상품 관련 사항을 발표했다
- 세부 내용은 공시 원문을 참고
- 담당: 신지우 / 문의 IR팀.",7338.0
DN1156,2026.01.15,미래소액금융,기사,기타,미래소액금융 정기주주총회 개최 공고,"- 미래소액금융는 2026년 1월 기타 관련 사항을 발표했다
- 세부 내용은 공시 원문을 참고
- 담당: 신지우 / 문의 IR팀.",
DN1012,2026년 01월 10일,한빛캐피탈,뉴스,합병,"한빛캐피탈, 바른저축은행 흡수합병 추진",한빛캐피탈는 2026년 1월 합병 관련 사항을 발표했다. 세부 내용은 공시 원문을 참고. 담당: 장현우 / 문의 IR팀.,
DN1281,2025.04.08,새빛카드,기사,실적,새빛카드 1Q 잠정실적 발표,"- 새빛카드는 2025년 4월 실적 관련 사항을 발표했다
- 세부 내용은 공시 원문을 참고
- 담당: 홍건우 / 문의 IR팀.",571.0
DN1238,2025-10-31,우리들생명,DART,리스크,우리들생명 연체율 19.8%로 상승…건전성 관리 강화,우리들생명는 2025년 10월 리스크 관련 사항을 발표했다. 세부 내용은 공시 원문을 참고. 담당: 한지호 / 문의 IR팀.,5153.0
DN1105,2025.06.24,우리들생명,공시,인사,"우리들생명, 임원 인사 단행","- 우리들생명는 2025년 6월 인사 관련 사항을 발표했다
- 세부 내용은 공시 원문을 참고
- 담당: 신지민 / 문의 IR팀.",
DN1199,2026-02-09,청해캐피탈,공시,상품,청해캐피탈 모바일 금융앱 개편,청해캐피탈는 2026년 2월 상품 관련 사항을 발표했다. 세부 내용은 공시 원문을 참고. 담당: 조지민 / 문의 IR팀.,
DN1150,2025년 05월 08일,청해캐피탈,기사,리스크,"청해캐피탈, 부동산 PF 익스포저 점검",청해캐피탈는 2025년 5월 리스크 관련 사항을 발표했다. 세부 내용은 공시 원문을 참고. 담당: 윤시우 / 문의 IR팀.,
DN1162,2026-02-23,한결자산운용,공시,인사,"한결자산운용, 임원 인사 단행","- 한결자산운용는 2026년 2월 인사 관련 사항을 발표했다
- 세부 내용은 공시 원문을 참고
- 담당: 김지호 / 문의 IR팀.",6803.0
DN1026,26/03/21,바른저축은행,뉴스,ESG,"바른저축은행, 탄소중립 로드맵 발표",바른저축은행는 2026년 3월 ESG 관련 사항을 발표했다. 세부 내용은 공시 원문을 참고. 담당: 오수아 / 문의 IR팀.  (자세한 내용은 첨부파일 참조)   ,7675.0
DN1171,2025-01-16,청해캐피탈,공시,배당,청해캐피탈 주당 539원 현금배당 결정,,
DN1267,2025-04-18,미래소액금융,보도자료,상품,미래소액금융 모바일 금융앱 개편,,
DN1088,2025-01-28,바른저축은행,DART,인사,[인사] 바른저축은행 조직개편 실시,바른저축은행는 2025년 1월 인사 관련 사항을 발표했다. 세부 내용은 공시 원문을 참고. 담당: 송채원 / 문의 IR팀.,5151.0
DN1137,2025.08.31,청해캐피탈,뉴스,실적,청해캐피탈 1Q 잠정실적 발표,"- 청해캐피탈는 2025년 8월 실적 관련 사항을 발표했다
- 세부 내용은 공시 원문을 참고
- 담당: 한준서 / 문의 IR팀.",7109.0
DN1014,2025-12-13,정도투자증권,DART,실적,정도투자증권 3Q 잠정실적 발표,정도투자증권는 2025년 12월 실적 관련 사항을 발표했다. 세부 내용은 공시 원문을 참고. 담당: 김다은 / 문의 IR팀.,
DN1109,2025-03-16,미래소액금융,뉴스,리스크,"미래소액금융, 부동산 PF 익스포저 점검","- 미래소액금융는 2025년 3월 리스크 관련 사항을 발표했다
- 세부 내용은 공시 원문을 참고
- 담당: 안채원 / 문의 IR팀.",3255.0
DN1246,2026년 01월 28일,한결자산운용,기사,ESG,한결자산운용 ESG 등급 A+ 획득,한결자산운용는 2026년 1월 ESG 관련 사항을 발표했다. 세부 내용은 공시 원문을 참고. 담당: 이지민 / 문의 IR팀.  (자세한 내용은 첨부파일 참조)   ,
DN1235,2025-10-09,한결자산운용,공시,리스크,[리스크] 한결자산운용 대손충당금 추가 적립,한결자산운용는 2025년 10월 리스크 관련 사항을 발표했다. 세부 내용은 공시 원문을 참고. 담당: 정서연 / 문의 IR팀.,
DN1152,2025-04-01,우리들생명,보도자료,리스크,우리들생명 연체율 32.0%로 상승…건전성 관리 강화,우리들생명는 2025년 4월 리스크 관련 사항을 발표했다. 세부 내용은 공시 원문을 참고. 담당: 박현우 / 문의 IR팀.,
DN1126,2026-03-27,새빛카드,보도자료,기타,새빛카드 사옥 이전 안내,새빛카드는 2026년 3월 기타 관련 사항을 발표했다. 세부 내용은 공시 원문을 참고. 담당: 강준서 / 문의 IR팀.,
DN1247,2026-02-24,청해캐피탈,공시,실적,[실적] 청해캐피탈 영업이익 전년比 10.1% 증가,"- 청해캐피탈는 2026년 2월 실적 관련 사항을 발표했다
- 세부 내용은 공시 원문을 참고
- 담당: 한지우 / 문의 IR팀.",
DN1100,2025년 04월 10일,정도투자증권,공시,상품,"정도투자증권, 신규 소액대출 상품 '새출발론' 출시",정도투자증권는 2025년 4월 상품 관련 사항을 발표했다. 세부 내용은 공시 원문을 참고. 담당: 임수아 / 문의 IR팀.,3245.0
DN1135,2025.10.24,동방파이낸셜,뉴스,실적,동방파이낸셜 1Q 잠정실적 발표,"- 동방파이낸셜는 2025년 10월 실적 관련 사항을 발표했다
- 세부 내용은 공시 원문을 참고
- 담당: 류준서 / 문의 IR팀.",
DN1061,2025-09-22,우리들생명,보도자료,실적,[실적] 우리들생명 영업이익 전년比 22.7% 감소,우리들생명는 2025년 9월 실적 관련 사항을 발표했다. 세부 내용은 공시 원문을 참고. 담당: 오도윤 / 문의 IR팀.,4805.0
DN1081,2025.01.19,한빛캐피탈,기사,실적,"한빛캐피탈, 2025년 2분기 당기순이익 755억원 기록","- 한빛캐피탈는 2025년 1월 실적 관련 사항을 발표했다
- 세부 내용은 공시 원문을 참고
- 담당: 강지우 / 문의 IR팀.",1063.0
DN1051,2026-01-29,가온저축은행,보도자료,실적,"가온저축은행, 2024년 4분기 당기순이익 823억원 기록",가온저축은행는 2026년 1월 실적 관련 사항을 발표했다. 세부 내용은 공시 원문을 참고. 담당: 류다은 / 문의 IR팀.,
DN1086,2025-03-06,새빛카드,보도자료,인사,"새빛카드, 임원 인사 단행",새빛카드는 2025년 3월 인사 관련 사항을 발표했다. 세부 내용은 공시 원문을 참고. 담당: 이예준 / 문의 IR팀.,
DN1196,25/04/11,청해캐피탈,보도자료,배당,청해캐피탈 주당 878원 현금배당 결정,청해캐피탈는 2025년 4월 배당 관련 사항을 발표했다. 세부 내용은 공시 원문을 참고. 담당: 조지민 / 문의 IR팀.,7566.0
DN1080,25/01/22,바른저축은행,보도자료,리스크,"바른저축은행, 부동산 PF 익스포저 점검",,8916.0
DN1174,2025-05-09,동방파이낸셜,공시,상품,동방파이낸셜 고금리 예금 특판 안내,동방파이낸셜는 2025년 5월 상품 관련 사항을 발표했다. 세부 내용은 공시 원문을 참고. 담당: 강채원 / 문의 IR팀.,
DN1001,2025.01.25,미래소액금융,DART,상품,미래소액금융 고금리 예금 특판 안내,"- 미래소액금융는 2025년 1월 상품 관련 사항을 발표했다
- 세부 내용은 공시 원문을 참고
- 담당: 한지민 / 문의 IR팀.",7045.0
DN1257,2025년 01월 16일,미래소액금융,기사,인사,미래소액금융 신임 대표이사에 최도윤 선임,"- 미래소액금융는 2025년 1월 인사 관련 사항을 발표했다
- 세부 내용은 공시 원문을 참고
- 담당: 최도윤 / 문의 IR팀.",
DN1245,2025-06-09,청해캐피탈,DART,리스크,청해캐피탈 연체율 38.6%로 상승…건전성 관리 강화,청해캐피탈는 2025년 6월 리스크 관련 사항을 발표했다. 세부 내용은 공시 원문을 참고. 담당: 서도윤 / 문의 IR팀.,
DN1116,2025.02.20,정도투자증권,DART,실적,"정도투자증권, 2024년 1분기 당기순이익 555억원 기록",정도투자증권는 2025년 2월 실적 관련 사항을 발표했다. 세부 내용은 공시 원문을 참고. 담당: 조유진 / 문의 IR팀.,
DN1209,2025-09-21,우리들생명,기사,배당,우리들생명 주당 194원 현금배당 결정,우리들생명는 2025년 9월 배당 관련 사항을 발표했다. 세부 내용은 공시 원문을 참고. 담당: 서다은 / 문의 IR팀.,7996.0
DN1106,2025-07-04,새빛카드,DART,인사,새빛카드 신임 대표이사에 이예준 선임,,
DN1062,2025년 07월 16일,한결자산운용,보도자료,합병,한결자산운용 자회사 합병 결정,한결자산운용는 2025년 7월 합병 관련 사항을 발표했다. 세부 내용은 공시 원문을 참고. 담당: 한유진 / 문의 IR팀.  (자세한 내용은 첨부파일 참조)   ,
DN1038,2025년 10월 14일,한결자산운용,공시,배당,한결자산운용 중간배당 실시 공시,한결자산운용는 2025년 10월 배당 관련 사항을 발표했다. 세부 내용은 공시 원문을 참고. 담당: 최준서 / 문의 IR팀.,8355.0
DN1185,2025-12-24,우리들생명,기사,ESG,우리들생명 ESG 등급 A+ 획득,,8566.0
DN1284,25/05/04,한빛캐피탈,공시,리스크,[리스크] 한빛캐피탈 대손충당금 추가 적립,한빛캐피탈는 2025년 5월 리스크 관련 사항을 발표했다. 세부 내용은 공시 원문을 참고. 담당: 류도윤 / 문의 IR팀.,7172.0
DN1161,2025.09.03,우리들생명,DART,리스크,"우리들생명, 부동산 PF 익스포저 점검",우리들생명는 2025년 9월 리스크 관련 사항을 발표했다. 세부 내용은 공시 원문을 참고. 담당: 서건우 / 문의 IR팀.,
DN1258,2025-02-18,한결자산운용,보도자료,ESG,"한결자산운용, 탄소중립 로드맵 발표",한결자산운용는 2025년 2월 ESG 관련 사항을 발표했다. 세부 내용은 공시 원문을 참고. 담당: 한가은 / 문의 IR팀.,3018.0
DN1278,2025-12-23,우리들생명,기사,인사,"우리들생명, 임원 인사 단행","- 우리들생명는 2025년 12월 인사 관련 사항을 발표했다
- 세부 내용은 공시 원문을 참고
- 담당: 안민서 / 문의 IR팀.",
DN1127,2025-02-12,바른저축은행,공시,실적,바른저축은행 2Q 잠정실적 발표,바른저축은행는 2025년 2월 실적 관련 사항을 발표했다. 세부 내용은 공시 원문을 참고. 담당: 송민서 / 문의 IR팀.  (자세한 내용은 첨부파일 참조)   ,
DN1140,2025-02-12,동방파이낸셜,공시,인사,[인사] 동방파이낸셜 조직개편 실시,"- 동방파이낸셜는 2025년 2월 인사 관련 사항을 발표했다
- 세부 내용은 공시 원문을 참고
- 담당: 전건우 / 문의 IR팀.",
DN1101,2025-04-10,미래소액금융,DART,실적,"미래소액금융, 2024년 2분기 당기순이익 317억원 기록",미래소액금융는 2025년 4월 실적 관련 사항을 발표했다. 세부 내용은 공시 원문을 참고. 담당: 윤하준 / 문의 IR팀.,6775.0
DN1148,2025-08-27,미래소액금융,공시,리스크,"미래소액금융, 부동산 PF 익스포저 점검",,
DN1213,2025-09-21,정도투자증권,공시,리스크,정도투자증권 연체율 9.1%로 상승…건전성 관리 강화,"- 정도투자증권는 2025년 9월 리스크 관련 사항을 발표했다
- 세부 내용은 공시 원문을 참고
- 담당: 윤준서 / 문의 IR팀.",
DN1312,26/01/11,한결자산운용,보도자료,상품,"한결자산운용, 신규 소액대출 상품 '생활안심론' 출시",한결자산운용는 2026년 1월 상품 관련 사항을 발표했다. 세부 내용은 공시 원문을 참고. 담당: 안민준 / 문의 IR팀.,
DN1217,2025-12-17,한빛캐피탈,보도자료,기타,한빛캐피탈 관련 안내문,한빛캐피탈는 2025년 12월 기타 관련 사항을 발표했다. 세부 내용은 공시 원문을 참고. 담당: 안가은 / 문의 IR팀.,
DN1260,2025-08-16,미래소액금융,뉴스,인사,미래소액금융 신임 대표이사에 안지민 선임,미래소액금융는 2025년 8월 인사 관련 사항을 발표했다. 세부 내용은 공시 원문을 참고. 담당: 안지민 / 문의 IR팀.,7627.0
DN1087,2025-01-26,동방파이낸셜,DART,실적,동방파이낸셜 2Q 잠정실적 발표,"- 동방파이낸셜는 2025년 1월 실적 관련 사항을 발표했다
- 세부 내용은 공시 원문을 참고
- 담당: 류건우 / 문의 IR팀.",2076.0
DN1113,2025년 10월 29일,우리들생명,공시,리스크,[리스크] 우리들생명 대손충당금 추가 적립,우리들생명는 2025년 10월 리스크 관련 사항을 발표했다. 세부 내용은 공시 원문을 참고. 담당: 황지호 / 문의 IR팀.  (자세한 내용은 첨부파일 참조)   ,
DN1144,2025-03-27,새빛카드,기사,ESG,새빛카드 ESG 등급 C 획득,새빛카드는 2025년 3월 ESG 관련 사항을 발표했다. 세부 내용은 공시 원문을 참고. 담당: 신유진 / 문의 IR팀.,
DN1177,2026-02-06,가온저축은행,공시,실적,가온저축은행 1Q 잠정실적 발표,,2904.0
DN1291,2025년 04월 11일,새빛카드,기사,리스크,"새빛카드, 부동산 PF 익스포저 점검",,
DN1294,2025-05-11,새빛카드,뉴스,합병,"새빛카드, 한결자산운용 흡수합병 추진",새빛카드는 2025년 5월 합병 관련 사항을 발표했다. 세부 내용은 공시 원문을 참고. 담당: 강건우 / 문의 IR팀.  (자세한 내용은 첨부파일 참조)   ,
DN1082,2025년 01월 07일,한빛캐피탈,공시,리스크,한빛캐피탈 연체율 30.0%로 상승…건전성 관리 강화,"- 한빛캐피탈는 2025년 1월 리스크 관련 사항을 발표했다
- 세부 내용은 공시 원문을 참고
- 담당: 홍준서 / 문의 IR팀.",3814.0
DN1030,2025-10-08,청해캐피탈,공시,실적,[실적] 청해캐피탈 영업이익 전년比 29.6% 감소,청해캐피탈는 2025년 10월 실적 관련 사항을 발표했다. 세부 내용은 공시 원문을 참고. 담당: 장가은 / 문의 IR팀.  (자세한 내용은 첨부파일 참조)   ,
DN1309,2025-12-25,정도투자증권,기사,실적,정도투자증권 1Q 잠정실적 발표,정도투자증권는 2025년 12월 실적 관련 사항을 발표했다. 세부 내용은 공시 원문을 참고. 담당: 최다은 / 문의 IR팀.,
DN1145,2025년 07월 22일,바른저축은행,뉴스,합병,바른저축은행 자회사 합병 결정,"- 바른저축은행는 2025년 7월 합병 관련 사항을 발표했다
- 세부 내용은 공시 원문을 참고
- 담당: 최유진 / 문의 IR팀.",
DN1114,2025년 09월 13일,한빛캐피탈,DART,ESG,한빛캐피탈 ESG 등급 A+ 획득,"- 한빛캐피탈는 2025년 9월 ESG 관련 사항을 발표했다
- 세부 내용은 공시 원문을 참고
- 담당: 홍현우 / 문의 IR팀.",
DN1279,2025-10-03,새빛카드,DART,기타,새빛카드 정기주주총회 개최 공고,새빛카드는 2025년 10월 기타 관련 사항을 발표했다. 세부 내용은 공시 원문을 참고. 담당: 박건우 / 문의 IR팀.,
DN1188,2025-03-26,정도투자증권,공시,공시정정,정도투자증권 정정신고(보고),,
DN1272,25/07/03,정도투자증권,뉴스,리스크,"정도투자증권, 부동산 PF 익스포저 점검",정도투자증권는 2025년 7월 리스크 관련 사항을 발표했다. 세부 내용은 공시 원문을 참고. 담당: 최준서 / 문의 IR팀.,
DN1043,2025-07-31,한결자산운용,기사,실적,[실적] 한결자산운용 영업이익 전년比 24.8% 감소,한결자산운용는 2025년 7월 실적 관련 사항을 발표했다. 세부 내용은 공시 원문을 참고. 담당: 안태양 / 문의 IR팀.  (자세한 내용은 첨부파일 참조)   ,
DN1179,2025.07.01,한결자산운용,DART,ESG,"한결자산운용, 탄소중립 로드맵 발표",,1938.0
DN1178,2025.12.17,한결자산운용,공시,인사,[인사] 한결자산운용 조직개편 실시,한결자산운용는 2025년 12월 인사 관련 사항을 발표했다. 세부 내용은 공시 원문을 참고. 담당: 장서윤 / 문의 IR팀.,441.0
DN1094,2025-01-03,우리들생명,공시,인사,[인사] 우리들생명 조직개편 실시,우리들생명는 2025년 1월 인사 관련 사항을 발표했다. 세부 내용은 공시 원문을 참고. 담당: 안준서 / 문의 IR팀.,
DN1246,2026년 01월 28일,한결자산운용,기사,ESG,한결자산운용 ESG 등급 A+ 획득,한결자산운용는 2026년 1월 ESG 관련 사항을 발표했다. 세부 내용은 공시 원문을 참고. 담당: 이지민 / 문의 IR팀.  (자세한 내용은 첨부파일 참조)   ,
DN1286,2025-06-30,새빛카드,공시,실적,"새빛카드, 2024년 2분기 당기순이익 866억원 기록","- 새빛카드는 2025년 6월 실적 관련 사항을 발표했다
- 세부 내용은 공시 원문을 참고
- 담당: 임민서 / 문의 IR팀.",4334.0
DN1198,2025년 10월 03일,바른저축은행,뉴스,상품,바른저축은행 고금리 예금 특판 안내,바른저축은행는 2025년 10월 상품 관련 사항을 발표했다. 세부 내용은 공시 원문을 참고. 담당: 윤예준 / 문의 IR팀.  (자세한 내용은 첨부파일 참조)   ,6455.0
DN1316,2025-08-20,청해캐피탈,뉴스,제재,"청해캐피탈, 금융당국 과태료 305억원 부과",청해캐피탈는 2025년 8월 제재 관련 사항을 발표했다. 세부 내용은 공시 원문을 참고. 담당: 류현우 / 문의 IR팀.  (자세한 내용은 첨부파일 참조)   ,
DN1099,25/09/15,동방파이낸셜,기사,실적,[실적] 동방파이낸셜 영업이익 전년比 20.7% 증가,동방파이낸셜는 2025년 9월 실적 관련 사항을 발표했다. 세부 내용은 공시 원문을 참고. 담당: 전수아 / 문의 IR팀.,
